filename	numreads	meanreadlength	meandepth_wcvg	numpos	numpos_wcvg	meandepth	pctpos_wcvg
./Gmi-ABas_014-Ex1-b-cssl.clmp.fp2-repr.rad.RAW-10-10-rescaled-RG.bam	39840	126.473	9.61165	15790061	330917	0.201434	2.09573
./Gmi-ABas_006-GmA02006-L1-fp1-clmp-fp2-fqscrn-repr.rad.RAW-10-10-rescaled-RG.bam	115395	122.068	4.10565	15790061	2158516	0.561246	13.6701
./Gmi-ABas_005-GmA02005-L1-fp1-clmp-fp2-fqscrn-repr.rad.RAW-10-10-rescaled-RG.bam	112828	121.724	3.93807	15790061	2185506	0.545069	13.841
./Gmi-ABas_007-GmA02007-L1-fp1-clmp-fp2-fqscrn-repr.rad.RAW-10-10-rescaled-RG.bam	165368	123.717	5.14943	15790061	2553734	0.83282	16.173
./Gmi-ABas_004-merged.rgfix.rad.RAW-10-10-rescaled-RG.bam	129178	118.852	5.64402	15790061	1705748	0.609705	10.8027
./Gmi-ABas_002-GmA02002-L1-fp1-clmp-fp2-fqscrn-repr.rad.RAW-10-10-rescaled-RG.bam	202505	119.872	4.68297	15790061	3257482	0.966094	20.63
./Gmi-ABas_020-GmA02020-L1-fp1-clmp-fp2-fqscrn-repr.rad.RAW-10-10-rescaled-RG.bam	178847	124.622	5.15926	15790061	2758448	0.901298	17.4695
./Gmi-ABas_008-merged.rgfix.rad.RAW-10-10-rescaled-RG.bam	111749	127.539	8.04556	15790061	1129684	0.575611	7.1544
./Gmi-ABas_003-Ex1-b-cssl2.clmp.fp2-repr.rad.RAW-10-10-rescaled-RG.bam	161141	117.375	5.80847	15790061	2034556	0.748424	12.885
./Gmi-ABas_013-Ex1-b-cssl.clmp.fp2-repr.rad.RAW-10-10-rescaled-RG.bam	155633	128.504	7.85051	15790061	1633858	0.812322	10.3474
./Gmi-ABas_011-Ex1-b-cssl.clmp.fp2-repr.rad.RAW-10-10-rescaled-RG.bam	188980	125.516	12.6922	15790061	1184756	0.952318	7.50318
./Gmi-ABas_009-Ex1-b-cssl.clmp.fp2-repr.rad.RAW-10-10-rescaled-RG.bam	188035	118.327	5.59517	15790061	2487535	0.881452	15.7538
./Gmi-ABas_010-Ex1-b-cssl.clmp.fp2-repr.rad.RAW-10-10-rescaled-RG.bam	201215	119.204	5.69084	15790061	2630252	0.94796	16.6576
./Gmi-ABas_012-Ex1-b-cssl.clmp.fp2-repr.rad.RAW-10-10-rescaled-RG.bam	261522	121.837	9.5932	15790061	2095982	1.27341	13.2741
./Gmi-ABas_001-merged.rgfix.rad.RAW-10-10-rescaled-RG.bam	287534	125.741	10.0982	15790061	2280638	1.45853	14.4435
./Gmi-ABas_016-Ex1-b-cssl.clmp.fp2-repr.rad.RAW-10-10-rescaled-RG.bam	282105	128.418	10.5882	15790061	2175180	1.45859	13.7756
./Gmi-ABas_015-Ex1-b-cssl.clmp.fp2-repr.rad.RAW-10-10-rescaled-RG.bam	282649	126.665	9.6901	15790061	2347795	1.4408	14.8688
./Gmi-ABas_017-merged.rgfix.rad.RAW-10-10-rescaled-RG.bam	359008	120.935	7.75811	15790061	3500628	1.71996	22.1698
./Gmi-ABas_019-merged.rgfix.rad.RAW-10-10-rescaled-RG.bam	625413	120.441	7.9719	15790061	5948037	3.00297	37.6695
./Gmi-ABas_018-merged.rgfix.rad.RAW-10-10-rescaled-RG.bam	1432966	124.898	13.5776	15790061	8443256	7.26021	53.472
./Gmi-ABas_023-GmA02023-L1-fp1-clmp-fp2-fqscrn-repr.rad.RAW-10-10-rescaled-RG.bam	136205	120.426	4.4429	15790061	2339918	0.65839	14.8189
./Gmi-ABas_024-Ex1-b-cssl.clmp.fp2-repr.rad.RAW-10-10-rescaled-RG.bam	220963	120.681	8.98591	15790061	1860587	1.05883	11.7833
./Gmi-ABas_021-GmA02021-L1-fp1-clmp-fp2-fqscrn-repr.rad.RAW-10-10-rescaled-RG.bam	315187	125.489	8.21871	15790061	3090218	1.60846	19.5707
./Gmi-ABas_025-Ex1-b-cssl.clmp.fp2-repr.rad.RAW-10-10-rescaled-RG.bam	249933	122.162	13.664	15790061	1404383	1.21529	8.89409
./Gmi-ABas_022-merged.rgfix.rad.RAW-10-10-rescaled-RG.bam	620481	116.367	6.63089	15790061	6720049	2.82202	42.5587
./Gmi-ABas_031-Ex1-b-cssl.clmp.fp2-repr.rad.RAW-10-10-rescaled-RG.bam	597583	130.702	69.9342	15790061	718488	3.18218	4.55025
./Gmi-ABas_029-Ex1-b-cssl.clmp.fp2-repr.rad.RAW-10-10-rescaled-RG.bam	648902	133.054	79.353	15790061	704718	3.54156	4.46305
./Gmi-ABas_032-Ex1-b-cssl.clmp.fp2-repr.rad.RAW-10-10-rescaled-RG.bam	632423	132.489	64.681	15790061	834508	3.4184	5.28502
./Gmi-ABas_039-Ex1-b-cssl.clmp.fp2-repr.rad.RAW-10-10-rescaled-RG.bam	514582	130.427	64.4923	15790061	671248	2.74162	4.25108
./Gmi-ABas_030-merged.rgfix.rad.RAW-10-10-rescaled-RG.bam	663733	134.482	49.7532	15790061	1169298	3.68436	7.40528
./Gmi-ABas_026-Ex1-b-cssl.clmp.fp2-repr.rad.RAW-10-10-rescaled-RG.bam	788276	133.786	104.876	15790061	653562	4.34089	4.13907
./Gmi-ABas_036-Ex1-b-cssl.clmp.fp2-repr.rad.RAW-10-10-rescaled-RG.bam	742199	134.822	89.3883	15790061	734802	4.15975	4.65357
./Gmi-ABas_038-Ex1-b-cssl.clmp.fp2-repr.rad.RAW-10-10-rescaled-RG.bam	735532	131.792	87.5746	15790061	721387	4.00095	4.56861
./Gmi-ABas_027-Ex1-b-cssl.clmp.fp2-repr.rad.RAW-10-10-rescaled-RG.bam	897041	134.627	121.853	15790061	648154	5.00185	4.10482
./Gmi-ABas_037-Ex1-b-cssl.clmp.fp2-repr.rad.RAW-10-10-rescaled-RG.bam	994073	133.485	95.4114	15790061	905584	5.47199	5.73515
./Gmi-ABas_034-merged.rgfix.rad.RAW-10-10-rescaled-RG.bam	1105727	131.759	75.0549	15790061	1263603	6.00628	8.00252
./Gmi-ABas_028-merged.rgfix.rad.RAW-10-10-rescaled-RG.bam	1244550	136.117	55.5098	15790061	2035746	7.15664	12.8926
./Gmi-ABas_045-merged.rgfix.rad.RAW-10-10-rescaled-RG.bam	139312	122.926	8.09563	15790061	1346266	0.690236	8.52603
./Gmi-ABas_033-merged.rgfix.rad.RAW-10-10-rescaled-RG.bam	1221894	134.465	51.8207	15790061	2081930	6.83259	13.1851
./Gmi-ABas_040-Ex1-b-cssl.clmp.fp2-repr.rad.RAW-10-10-rescaled-RG.bam	723947	131.635	70.9553	15790061	867010	3.89606	5.49086
./Gmi-ABas_035-merged.rgfix.rad.RAW-10-10-rescaled-RG.bam	1418429	134.644	59.7902	15790061	2092023	7.9216	13.249
./Gmi-ABas_042-Ex1-b-cssl.clmp.fp2-repr.rad.RAW-10-10-rescaled-RG.bam	643273	131.711	77.5628	15790061	708011	3.47784	4.4839
./Gmi-ABas_043-Ex1-b-cssl.clmp.fp2-repr.rad.RAW-10-10-rescaled-RG.bam	673951	135.575	76.1659	15790061	788586	3.80387	4.99419
./Gmi-ABas_049-merged.rgfix.rad.RAW-10-10-rescaled-RG.bam	246828	122.786	9.64956	15790061	2002620	1.22383	12.6828
./Gmi-ABas_041-Ex1-b-cssl.clmp.fp2-repr.rad.RAW-10-10-rescaled-RG.bam	954608	136.213	95.2874	15790061	895959	5.40679	5.6742
./Gmi-ABas_048-Ex1-b-cssl.clmp.fp2-repr.rad.RAW-10-10-rescaled-RG.bam	579924	129.781	60.6456	15790061	800276	3.07366	5.06823
./Gmi-ABas_047-merged.rgfix.rad.RAW-10-10-rescaled-RG.bam	778645	128.769	40.3892	15790061	1613263	4.12655	10.217
./Gmi-ABas_046-Ex1-b-cssl.clmp.fp2-repr.rad.RAW-10-10-rescaled-RG.bam	957504	134.41	94.3731	15790061	895300	5.35098	5.67002
./Gmi-ABas_050-Ex1-b-cssl.clmp.fp2-repr.rad.RAW-10-10-rescaled-RG.bam	1013171	134.454	75.1935	15790061	1196132	5.69607	7.57522
./Gmi-ABas_051-Ex1-b-cssl.clmp.fp2-repr.rad.RAW-10-10-rescaled-RG.bam	914634	132.89	71.2118	15790061	1110688	5.00911	7.0341
./Gmi-AHam_003-GmA01003-L1-fp1-clmp-fp2-fqscrn-repr.rad.RAW-10-10-rescaled-RG.bam	170338	131.958	6.93794	15790061	2172255	0.95446	13.7571
./Gmi-ABas_058-merged.rgfix.rad.RAW-10-10-rescaled-RG.bam	690035	127.584	49.3017	15790061	1140301	3.56039	7.22164
./Gmi-AHam_001-merged.rgfix.rad.RAW-10-10-rescaled-RG.bam	392786	130.2	7.2707	15790061	4573516	2.10592	28.9645
./Gmi-ABas_061-Ex1-b-cssl.clmp.fp2-repr.rad.RAW-10-10-rescaled-RG.bam	618350	126.561	64.2874	15790061	776750	3.16245	4.91923
./Gmi-ABas_056-Ex1-b-cssl.clmp.fp2-repr.rad.RAW-10-10-rescaled-RG.bam	1002393	129.119	80.2368	15790061	1044774	5.30899	6.61666
./Gmi-ABas_052-Ex1-b-cssl.clmp.fp2-repr.rad.RAW-10-10-rescaled-RG.bam	1150702	136.046	96.8604	15790061	1068014	6.55148	6.76384
./Gmi-ABas_059-merged.rgfix.rad.RAW-10-10-rescaled-RG.bam	962428	130.28	52.6303	15790061	1546675	5.15527	9.79524
./Gmi-AHam_004-GmA01004-L1-fp1-clmp-fp2-fqscrn-repr.rad.RAW-10-10-rescaled-RG.bam	680670	131.782	10.2196	15790061	5860359	3.79293	37.1142
./Gmi-ABas_055-merged.rgfix.rad.RAW-10-10-rescaled-RG.bam	1219502	132.602	63.2386	15790061	1664998	6.66825	10.5446
./Gmi-AHam_006-Ex1-cssl.clmp.fp2-repr.rad.RAW-10-10-rescaled-RG.bam	53425	121.254	4.5861	15790061	897379	0.260637	5.68319
./Gmi-ABas_057-Ex1-b-cssl.clmp.fp2-repr.rad.RAW-10-10-rescaled-RG.bam	1124712	132.499	89.2115	15790061	1082628	6.11669	6.85639
./Gmi-ABas_053-Ex1-b-cssl.clmp.fp2-repr.rad.RAW-10-10-rescaled-RG.bam	1536154	134.269	100.578	15790061	1343192	8.55573	8.50657
./Gmi-AHam_002-merged.rgfix.rad.RAW-10-10-rescaled-RG.bam	888832	136.996	19.8603	15790061	4085674	5.13885	25.875
./Gmi-ABas_060-merged.rgfix.rad.RAW-10-10-rescaled-RG.bam	1188893	131.586	63.8251	15790061	1598487	6.46125	10.1234
./Gmi-AHam_005-Ex1-cssl.clmp.fp2-repr.rad.RAW-10-10-rescaled-RG.bam	437986	131.899	10.0534	15790061	3770531	2.40067	23.8791
./Gmi-AHam_007-Ex1-cssl.clmp.fp2-repr.rad.RAW-10-10-rescaled-RG.bam	103933	124.237	3.84834	15790061	2183624	0.532191	13.8291
./Gmi-ABas_044-GmA02044-L1-fp1-clmp-fp2-fqscrn-repr.rad.RAW-10-10-rescaled-RG.bam	2745441	130.419	56.8638	15790061	4122378	14.8457	26.1074
./Gmi-AHam_008-Ex1-cssl.clmp.fp2-repr.rad.RAW-10-10-rescaled-RG.bam	177279	121.191	3.24507	15790061	4194992	0.862127	26.5673
./Gmi-AHam_009-Ex1-cssl.clmp.fp2-repr.rad.RAW-10-10-rescaled-RG.bam	223825	118.127	3.31576	15790061	5076592	1.06604	32.1506
./Gmi-ABas_054-GmA02054-L1-fp1-clmp-fp2-fqscrn-repr.rad.RAW-10-10-rescaled-RG.bam	2308993	132.329	67.0111	15790061	3001908	12.7397	19.0114
./Gmi-AHam_015-merged.rgfix.rad.RAW-10-10-rescaled-RG.bam	39359	124.45	3.19949	15790061	988951	0.200388	6.26312
./Gmi-AHam_010-GmA01010-L1-fp1-clmp-fp2-fqscrn-repr.rad.RAW-10-10-rescaled-RG.bam	411174	132.448	10.2303	15790061	3603891	2.33494	22.8238
./Gmi-AHam_011-GmA01011-L1-fp1-clmp-fp2-fqscrn-repr.rad.RAW-10-10-rescaled-RG.bam	644597	127.849	9.98084	15790061	5387688	3.40554	34.1208
./Gmi-AHam_014-GmA01014-L1-fp1-clmp-fp2-fqscrn-repr.rad.RAW-10-10-rescaled-RG.bam	592388	122.682	8.16212	15790061	5632129	2.91133	35.6688
./Gmi-AHam_016-merged.rgfix.rad.RAW-10-10-rescaled-RG.bam	534926	125.756	6.07464	15790061	7108616	2.73478	45.0196
./Gmi-AHam_018-GmA01018-L1-fp1-clmp-fp2-fqscrn-repr.rad.RAW-10-10-rescaled-RG.bam	269345	124.426	6.29711	15790061	3434326	1.36962	21.7499
./Gmi-AHam_012-Ex1-cssl.clmp.fp2-repr.rad.RAW-10-10-rescaled-RG.bam	560795	129.348	7.55562	15790061	6279309	3.00468	39.7675
./Gmi-AHam_017-GmA01017-L1-fp1-clmp-fp2-fqscrn-repr.rad.RAW-10-10-rescaled-RG.bam	579395	133.192	10.0141	15790061	5235867	3.3206	33.1593
./Gmi-AHam_024-Ex1-cssl.clmp.fp2-repr.rad.RAW-10-10-rescaled-RG.bam	146569	120.791	2.75493	15790061	4079427	0.711747	25.8354
./Gmi-AHam_019-Ex1-cssl.clmp.fp2-repr.rad.RAW-10-10-rescaled-RG.bam	436291	129.575	6.65287	15790061	5551372	2.33897	35.1574
./Gmi-AHam_022-Ex1-cssl.clmp.fp2-repr.rad.RAW-10-10-rescaled-RG.bam	319680	127.86	5.44941	15790061	4869339	1.68049	30.838
./Gmi-AHam_025-Ex1-cssl.clmp.fp2-repr.rad.RAW-10-10-rescaled-RG.bam	290520	128.124	5.18344	15790061	4647981	1.5258	29.4361
./Gmi-AHam_021-Ex1-cssl.clmp.fp2-repr.rad.RAW-10-10-rescaled-RG.bam	470065	127.189	5.9177	15790061	6539048	2.45066	41.4124
./Gmi-AHam_013-merged.rgfix.rad.RAW-10-10-rescaled-RG.bam	1008158	135.666	16.8981	15790061	5442703	5.82463	34.4692
./Gmi-AHam_020-Ex1-cssl.clmp.fp2-repr.rad.RAW-10-10-rescaled-RG.bam	639643	131.067	8.35503	15790061	6565917	3.47424	41.5826
./Gmi-AHam_028-GmA01028-L1-fp1-clmp-fp2-fqscrn-repr.rad.RAW-10-10-rescaled-RG.bam	365767	127.958	6.76798	15790061	4477449	1.91914	28.3561
./Gmi-AHam_026-GmA01026-L1-fp1-clmp-fp2-fqscrn-repr.rad.RAW-10-10-rescaled-RG.bam	484518	132.363	9.27183	15790061	4629892	2.71865	29.3216
./Gmi-AHam_027-GmA01027-L1-fp1-clmp-fp2-fqscrn-repr.rad.RAW-10-10-rescaled-RG.bam	425809	133.309	9.23242	15790061	4229050	2.47272	26.783
./Gmi-AHam_023-Ex1-cssl.clmp.fp2-repr.rad.RAW-10-10-rescaled-RG.bam	596186	135.27	13.3201	15790061	4042903	3.41049	25.6041
./Gmi-AHam_029-GmA01029-L1-fp1-clmp-fp2-fqscrn-repr.rad.RAW-10-10-rescaled-RG.bam	235003	125.117	6.65861	15790061	2882507	1.21554	18.2552
./Gmi-AHam_030-GmA01030-L1-fp1-clmp-fp2-fqscrn-repr.rad.RAW-10-10-rescaled-RG.bam	258224	126.245	5.88302	15790061	3564711	1.32813	22.5757
./Gmi-AHam_031-GmA01031-L1-fp1-clmp-fp2-fqscrn-repr.rad.RAW-10-10-rescaled-RG.bam	719325	120.781	6.6597	15790061	8252796	3.48074	52.2658
./Gmi-AHam_034-Ex1-cssl.clmp.fp2-repr.rad.RAW-10-10-rescaled-RG.bam	86729	123.218	3.51785	15790061	1961946	0.4371	12.4252
./Gmi-AHam_032-GmA01032-L1-fp1-clmp-fp2-fqscrn-repr.rad.RAW-10-10-rescaled-RG.bam	456970	124.988	7.32412	15790061	4983855	2.31173	31.5632
./Gmi-AHam_033-GmA01033-L1-fp1-clmp-fp2-fqscrn-repr.rad.RAW-10-10-rescaled-RG.bam	393309	129.956	6.18835	15790061	5507828	2.1586	34.8816
./Gmi-AHam_036-Ex1-cssl.clmp.fp2-repr.rad.RAW-10-10-rescaled-RG.bam	157827	116.12	2.68407	15790061	4249772	0.722397	26.9142
./Gmi-AHam_035-GmA01035-L1-fp1-clmp-fp2-fqscrn-repr.rad.RAW-10-10-rescaled-RG.bam	722033	124.153	8.5148	15790061	6773482	3.6526	42.8971
./Gmi-AHam_038-Ex1-cssl.clmp.fp2-repr.rad.RAW-10-10-rescaled-RG.bam	201240	121.568	4.37485	15790061	3537893	0.980221	22.4058
./Gmi-AHam_040-Ex1-cssl.clmp.fp2-repr.rad.RAW-10-10-rescaled-RG.bam	133614	117.234	3.47287	15790061	2826256	0.621607	17.899
./Gmi-AHam_041-GmA01041-L1-fp1-clmp-fp2-fqscrn-repr.rad.RAW-10-10-rescaled-RG.bam	186891	125.279	4.3424	15790061	3538693	0.97317	22.4109
./Gmi-AHam_042-GmA01042-L1-fp1-clmp-fp2-fqscrn-repr.rad.RAW-10-10-rescaled-RG.bam	360438	121.894	6.49446	15790061	4285338	1.76256	27.1395
./Gmi-AHam_043-Ex1-cssl.clmp.fp2-repr.rad.RAW-10-10-rescaled-RG.bam	145081	118.935	2.91591	15790061	3739752	0.69061	23.6842
./Gmi-AHam_044-Ex1-cssl.clmp.fp2-repr.rad.RAW-10-10-rescaled-RG.bam	179935	119.082	3.29359	15790061	4120664	0.859514	26.0966
./Gmi-AHam_047-Ex1-cssl.clmp.fp2-repr.rad.RAW-10-10-rescaled-RG.bam	72868	124.191	3.0592	15790061	1915853	0.371181	12.1333
./Gmi-AHam_048-Ex1-cssl.clmp.fp2-repr.rad.RAW-10-10-rescaled-RG.bam	40614	120.173	3.16402	15790061	988669	0.19811	6.26134
./Gmi-AHam_046-Ex1-cssl.clmp.fp2-repr.rad.RAW-10-10-rescaled-RG.bam	229546	119.602	2.98144	15790061	5801201	1.09537	36.7396
./Gmi-AHam_045-Ex1-cssl.clmp.fp2-repr.rad.RAW-10-10-rescaled-RG.bam	324928	118.353	3.47066	15790061	7011808	1.5412	44.4065
./Gmi-AHam_039-GmA01039-L1-fp1-clmp-fp2-fqscrn-repr.rad.RAW-10-10-rescaled-RG.bam	1014883	135.105	13.907	15790061	6756654	5.95088	42.7906
./Gmi-AHam_049-Ex1-cssl.clmp.fp2-repr.rad.RAW-10-10-rescaled-RG.bam	38396	124.54	3.28563	15790061	944310	0.196494	5.98041
./Gmi-AHam_050-Ex1-cssl.clmp.fp2-repr.rad.RAW-10-10-rescaled-RG.bam	286610	126.093	4.97431	15790061	4660146	1.46808	29.5132
./Gmi-AHam_037-GmA01037-L1-fp1-clmp-fp2-fqscrn-repr.rad.RAW-10-10-rescaled-RG.bam	1575662	131.797	15.547	15790061	8906724	8.76962	56.4072
./Gmi-AHam_051-Ex1-cssl.clmp.fp2-repr.rad.RAW-10-10-rescaled-RG.bam	157263	126.355	3.27896	15790061	3884646	0.806685	24.6018
./Gmi-AHam_053-Ex1-cssl.clmp.fp2-repr.rad.RAW-10-10-rescaled-RG.bam	130773	114.026	2.74984	15790061	3344476	0.582441	21.1809
./Gmi-AHam_055-GmA01055-L1-fp1-clmp-fp2-fqscrn-repr.rad.RAW-10-10-rescaled-RG.bam	210756	126.702	4.67376	15790061	3728032	1.10347	23.61
./Gmi-AHam_054-Ex1-cssl.clmp.fp2-repr.rad.RAW-10-10-rescaled-RG.bam	303434	126.61	5.13604	15790061	4815531	1.56635	30.4972
./Gmi-AHam_052-Ex1-cssl.clmp.fp2-repr.rad.RAW-10-10-rescaled-RG.bam	418582	135.665	11.3541	15790061	3347379	2.40699	21.1993
./Gmi-AHam_056-Ex1-cssl.clmp.fp2-repr.rad.RAW-10-10-rescaled-RG.bam	194349	120.336	2.97214	15790061	5001119	0.941353	31.6726
./Gmi-AHam_057-Ex1-cssl.clmp.fp2-repr.rad.RAW-10-10-rescaled-RG.bam	205248	121.877	3.92871	15790061	4123802	1.02604	26.1164
./Gmi-AHam_059-Ex1-cssl.clmp.fp2-repr.rad.RAW-10-10-rescaled-RG.bam	30913	122.82	3.13297	15790061	788613	0.156472	4.99436
./Gmi-AHam_058-Ex1-cssl.clmp.fp2-repr.rad.RAW-10-10-rescaled-RG.bam	184127	116.156	2.88491	15790061	4632581	0.846392	29.3386
./Gmi-AHam_061-Ex1-cssl.clmp.fp2-repr.rad.RAW-10-10-rescaled-RG.bam	77274	119.357	2.99093	15790061	1944735	0.368369	12.3162
./Gmi-AHam_060-GmA01060-L1-fp1-clmp-fp2-fqscrn-repr.rad.RAW-10-10-rescaled-RG.bam	420699	124.505	5.68672	15790061	5907543	2.12758	37.413
./Gmi-AHam_063-Ex1-cssl.clmp.fp2-repr.rad.RAW-10-10-rescaled-RG.bam	175543	114.048	2.9234	15790061	4216706	0.780688	26.7048
./Gmi-AHam_066-Ex1-cssl.clmp.fp2-repr.rad.RAW-10-10-rescaled-RG.bam	142617	119.421	3.18442	15790061	3376741	0.680996	21.3852
./Gmi-AHam_064-Ex1-cssl.clmp.fp2-repr.rad.RAW-10-10-rescaled-RG.bam	190048	121.039	3.0295	15790061	4754815	0.912264	30.1127
./Gmi-AHam_067-Ex1-cssl.clmp.fp2-repr.rad.RAW-10-10-rescaled-RG.bam	118979	123.717	3.99018	15790061	2382223	0.601993	15.0869
./Gmi-AHam_068-Ex1-cssl.clmp.fp2-repr.rad.RAW-10-10-rescaled-RG.bam	108811	121.767	3.46359	15790061	2496048	0.547514	15.8077
./Gmi-AHam_065-GmA01065-L1-fp1-clmp-fp2-fqscrn-repr.rad.RAW-10-10-rescaled-RG.bam	514383	124.026	5.66659	15790061	7196382	2.58257	45.5754
./Gmi-AHam_062-Ex1-cssl.clmp.fp2-repr.rad.RAW-10-10-rescaled-RG.bam	379497	129.892	7.55649	15790061	4250119	2.03394	26.9164
./Gmi-AHam_069-Ex1-cssl.clmp.fp2-repr.rad.RAW-10-10-rescaled-RG.bam	56089	120.467	2.99159	15790061	1451175	0.27494	9.19043
./Gmi-AHam_070-Ex1-cssl.clmp.fp2-repr.rad.RAW-10-10-rescaled-RG.bam	175431	116.572	2.96075	15790061	4321439	0.810301	27.3681
./Gmi-AHam_072-Ex1-cssl.clmp.fp2-repr.rad.RAW-10-10-rescaled-RG.bam	60486	120.115	3.27243	15790061	1417180	0.293705	8.97514
./Gmi-AHam_073-Ex1-cssl.clmp.fp2-repr.rad.RAW-10-10-rescaled-RG.bam	29267	118.212	2.67978	15790061	811826	0.137777	5.14137
./Gmi-AHam_074-merged.rgfix.rad.RAW-10-10-rescaled-RG.bam	65378	128.43	3.4626	15790061	1608446	0.352716	10.1864
./Gmi-AHam_071-Ex1-cssl.clmp.fp2-repr.rad.RAW-10-10-rescaled-RG.bam	435918	135.193	14.9278	15790061	2612984	2.47029	16.5483
./Gmi-AHam_075-Ex1-cssl.clmp.fp2-repr.rad.RAW-10-10-rescaled-RG.bam	160506	117.968	3.10349	15790061	3812023	0.749242	24.1419
./Gmi-AHam_076-Ex1-cssl.clmp.fp2-repr.rad.RAW-10-10-rescaled-RG.bam	283657	117.36	3.16575	15790061	6509451	1.30508	41.225
./Gmi-AHam_077-Ex1-cssl.clmp.fp2-repr.rad.RAW-10-10-rescaled-RG.bam	73646	117.846	3.01455	15790061	1797334	0.343137	11.3827
./Gmi-AHam_078-GmA01078-L1-fp1-clmp-fp2-fqscrn-repr.rad.RAW-10-10-rescaled-RG.bam	650385	131.13	7.11177	15790061	8088406	3.64298	51.2247
./Gmi-AHam_079-GmA01079-L1-fp1-clmp-fp2-fqscrn-repr.rad.RAW-10-10-rescaled-RG.bam	541449	131.38	6.88474	15790061	6985453	3.04578	44.2396
./Gmi-AHam_080-Ex1-cssl.clmp.fp2-repr.rad.RAW-10-10-rescaled-RG.bam	80338	126.673	3.77722	15790061	1783021	0.426525	11.292
./Gmi-AHam_081-Ex1-cssl.clmp.fp2-repr.rad.RAW-10-10-rescaled-RG.bam	143087	118.13	2.7603	15790061	3845320	0.67221	24.3528
./Gmi-AHam_082-Ex1-cssl.clmp.fp2-repr.rad.RAW-10-10-rescaled-RG.bam	124259	121.325	2.85781	15790061	3354071	0.607046	21.2417
./Gmi-AHam_084-Ex1-cssl.clmp.fp2-repr.rad.RAW-10-10-rescaled-RG.bam	163854	116.886	2.87356	15790061	4169833	0.758849	26.408
./Gmi-AHam_086-Ex1-cssl.clmp.fp2-repr.rad.RAW-10-10-rescaled-RG.bam	183894	114.514	2.64445	15790061	4919416	0.823882	31.1551
./Gmi-AHam_083-GmA01083-L1-fp1-clmp-fp2-fqscrn-repr.rad.RAW-10-10-rescaled-RG.bam	395147	127.48	5.72943	15790061	5781030	2.09765	36.6118
./Gmi-AHam_088-Ex1-cssl.clmp.fp2-repr.rad.RAW-10-10-rescaled-RG.bam	172830	119.244	2.92364	15790061	4404677	0.815557	27.8953
./Gmi-AHam_089-GmA01089-L1-fp1-clmp-fp2-fqscrn-repr.rad.RAW-10-10-rescaled-RG.bam	183369	126.14	4.13751	15790061	3610894	0.946172	22.8681
./Gmi-AHam_087-Ex1-cssl.clmp.fp2-repr.rad.RAW-10-10-rescaled-RG.bam	252231	117.905	3.23901	15790061	5712851	1.17188	36.18
./Gmi-AHam_090-Ex1-cssl.clmp.fp2-repr.rad.RAW-10-10-rescaled-RG.bam	164883	115.777	2.90439	15790061	4088298	0.751993	25.8916
./Gmi-AHam_092-Ex1-cssl.clmp.fp2-repr.rad.RAW-10-10-rescaled-RG.bam	138631	123.822	3.63845	15790061	3082196	0.71022	19.5198
./Gmi-AHam_093-Ex1-cssl.clmp.fp2-repr.rad.RAW-10-10-rescaled-RG.bam	91982	115.666	2.56781	15790061	2590286	0.421237	16.4045
./Gmi-AHam_094-Ex1-cssl.clmp.fp2-repr.rad.RAW-10-10-rescaled-RG.bam	149600	119.766	2.78534	15790061	4057636	0.71576	25.6974
./Gmi-AHam_095-Ex1-cssl.clmp.fp2-repr.rad.RAW-10-10-rescaled-RG.bam	179404	120.048	3.04334	15790061	4483163	0.864075	28.3923
./Gmi-AHam_096-Ex1-cssl.clmp.fp2-repr.rad.RAW-10-10-rescaled-RG.bam	183388	115.44	2.75603	15790061	4769891	0.832547	30.2082
./Gmi-CBas_001-GmC02001-L1-fp1-clmp-fp2-fqscrn-repr.rad.RAW-10-10-rescaled-RG.bam	97133	144.709	5.75057	15790061	1914756	0.697333	12.1263
./Gmi-CBas_002-GmC02002-L1-fp1-clmp-fp2-fqscrn-repr.rad.RAW-10-10-rescaled-RG.bam	93898	144.34	5.39645	15790061	1955175	0.668205	12.3823
./Gmi-CBas_003-Ex1-cssl.clmp.fp2-repr.rad.RAW-10-10-rescaled-RG.bam	52338	144.199	4.40098	15790061	1484023	0.413624	9.39846
./Gmi-CBas_004-Ex1-cssl.clmp.fp2-repr.rad.RAW-10-10-rescaled-RG.bam	227683	142.313	6.2837	15790061	4293036	1.70843	27.1882
./Gmi-CBas_006-merged.rgfix.rad.RAW-10-10-rescaled-RG.bam	177338	142.941	5.79403	15790061	3667478	1.34575	23.2265
./Gmi-CBas_005-Ex1-cssl.clmp.fp2-repr.rad.RAW-10-10-rescaled-RG.bam	291659	141.691	7.14631	15790061	4729252	2.14038	29.9508
./Gmi-CBas_008-GmC02008-L1-fp1-clmp-fp2-fqscrn-repr.rad.RAW-10-10-rescaled-RG.bam	3662	145.383	1.91295	15790061	225843	0.0273607	1.43029
./Gmi-AHam_091-Ex1-cssl.clmp.fp2-repr.rad.RAW-10-10-rescaled-RG.bam	956086	138.953	31.3983	15790061	2867918	5.70281	18.1628
./Gmi-CBas_007-merged.rgfix.rad.RAW-10-10-rescaled-RG.bam	462807	140.371	8.83312	15790061	5776014	3.23116	36.5801
./Gmi-CBas_010-Ex1-cssl.clmp.fp2-repr.rad.RAW-10-10-rescaled-RG.bam	190520	141.215	5.95366	15790061	3695650	1.39345	23.4049
./Gmi-CBas_012-merged.rgfix.rad.RAW-10-10-rescaled-RG.bam	275463	141.93	7.04852	15790061	4489372	2.00401	28.4316
./Gmi-CBas_013-merged.rgfix.rad.RAW-10-10-rescaled-RG.bam	294263	142.73	7.67543	15790061	4495420	2.18519	28.4699
./Gmi-CBas_009-Ex1-cssl.clmp.fp2-repr.rad.RAW-10-10-rescaled-RG.bam	535200	142.218	10.032	15790061	6132372	3.89612	38.8369
./Gmi-CBas_014-merged.rgfix.rad.RAW-10-10-rescaled-RG.bam	313620	141.436	7.5417	15790061	4656050	2.22384	29.4872
./Gmi-CBas_015-merged.rgfix.rad.RAW-10-10-rescaled-RG.bam	586985	142.014	8.73864	15790061	7668632	4.24403	48.5662
./Gmi-CBas_016-merged.rgfix.rad.RAW-10-10-rescaled-RG.bam	763009	142.869	10.4421	15790061	8580980	5.67467	54.3442
./Gmi-CBas_017-merged.rgfix.rad.RAW-10-10-rescaled-RG.bam	487006	141.326	7.71639	15790061	7166210	3.50203	45.3843
./Gmi-CBas_021-GmC02021-L1-fp1-clmp-fp2-fqscrn-repr.rad.RAW-10-10-rescaled-RG.bam	30	142.933	1.35512	15790061	2530	0.000217127	0.0160227
./Gmi-CBas_011-GmC02011-L1-fp1-clmp-fp2-fqscrn-repr.rad.RAW-10-10-rescaled-RG.bam	1630900	145.734	27.5369	15790061	6958999	12.1361	44.072
./Gmi-CBas_020-GmC02020-L1-fp1-clmp-fp2-fqscrn-repr.rad.RAW-10-10-rescaled-RG.bam	319592	144.921	10.8215	15790061	3401013	2.33084	21.5389
./Gmi-CBas_019-merged.rgfix.rad.RAW-10-10-rescaled-RG.bam	629671	138.676	8.43489	15790061	7994590	4.27063	50.6305
./Gmi-CBas_024-merged.rgfix.rad.RAW-10-10-rescaled-RG.bam	302372	142.389	6.13214	15790061	5807828	2.2555	36.7815
./Gmi-CBas_018-GmC02018-L1-fp1-clmp-fp2-fqscrn-repr.rad.RAW-10-10-rescaled-RG.bam	1130166	145.572	22.2882	15790061	6029524	8.51088	38.1856
./Gmi-CBas_023-merged.rgfix.rad.RAW-10-10-rescaled-RG.bam	658171	139.044	8.48815	15790061	8210033	4.41341	51.9949
./Gmi-CBas_026-merged.rgfix.rad.RAW-10-10-rescaled-RG.bam	457690	141.6	7.50881	15790061	6968757	3.31392	44.1338
./Gmi-CBas_022-GmC02022-L1-fp1-clmp-fp2-fqscrn-repr.rad.RAW-10-10-rescaled-RG.bam	832306	145.061	20.0406	15790061	4827235	6.12668	30.5714
./Gmi-CBas_031-GmC02031-L1-fp1-clmp-fp2-fqscrn-repr.rad.RAW-10-10-rescaled-RG.bam	185124	145.171	7.65683	15790061	2842714	1.37847	18.0032
./Gmi-CBas_025-GmC02025-L1-fp1-clmp-fp2-fqscrn-repr.rad.RAW-10-10-rescaled-RG.bam	722784	145.067	18.2992	15790061	4738245	5.49118	30.0078
./Gmi-CBas_028-Ex1-cssl.clmp.fp2-repr.rad.RAW-10-10-rescaled-RG.bam	416265	141.369	8.37492	15790061	5652784	2.99819	35.7996
./Gmi-CBas_033-merged.rgfix.rad.RAW-10-10-rescaled-RG.bam	410301	140.225	8.44469	15790061	5335630	2.85355	33.7911
./Gmi-CBas_027-merged.rgfix.rad.RAW-10-10-rescaled-RG.bam	655319	140.94	9.02861	15790061	8037723	4.5959	50.9037
./Gmi-CBas_029-merged.rgfix.rad.RAW-10-10-rescaled-RG.bam	698847	141.884	9.44339	15790061	8460170	5.05968	53.5791
./Gmi-CBas_034-merged.rgfix.rad.RAW-10-10-rescaled-RG.bam	702498	140.45	9.26476	15790061	8196914	4.80951	51.9119
./Gmi-CBas_036-GmC02036-L1-fp1-clmp-fp2-fqscrn-repr.rad.RAW-10-10-rescaled-RG.bam	88719	144.421	5.31757	15790061	1893009	0.637503	11.9886
./Gmi-CBas_038-GmC02038-L1-fp1-clmp-fp2-fqscrn-repr.rad.RAW-10-10-rescaled-RG.bam	11680	143.913	2.48779	15790061	524818	0.0826873	3.32372
./Gmi-CBas_043-GmC02043-L1-fp1-clmp-fp2-fqscrn-repr.rad.RAW-10-10-rescaled-RG.bam	1799	144.9	1.72665	15790061	120424	0.0131684	0.762657
./Gmi-CBas_035-GmC02035-L1-fp1-clmp-fp2-fqscrn-repr.rad.RAW-10-10-rescaled-RG.bam	1337650	145.596	23.5726	15790061	6623535	9.88812	41.9475
./Gmi-CBas_041-merged.rgfix.rad.RAW-10-10-rescaled-RG.bam	396808	139.188	6.93619	15790061	6032136	2.64977	38.2021
./Gmi-CBas_039-merged.rgfix.rad.RAW-10-10-rescaled-RG.bam	481719	141.703	8.34296	15790061	6553415	3.46261	41.5034
./Gmi-CBas_045-Ex1-cssl2.clmp.fp2-repr.rad.RAW-10-10-rescaled-RG.bam	306847	139.997	7.62742	15790061	4410794	2.13064	27.934
./Gmi-CBas_046-Ex1-cssl.clmp.fp2-repr.rad.RAW-10-10-rescaled-RG.bam	228079	141.989	6.57976	15790061	4034809	1.68132	25.5528
./Gmi-CBas_047-Ex1-cssl.clmp.fp2-repr.rad.RAW-10-10-rescaled-RG.bam	257577	141.697	7.15949	15790061	4169539	1.89054	26.4061
./Gmi-CBas_050-GmC02050-L1-fp1-clmp-fp2-fqscrn-repr.rad.RAW-10-10-rescaled-RG.bam	104105	144.817	6.01728	15790061	2012265	0.766834	12.7439
./Gmi-CBas_048-merged.rgfix.rad.RAW-10-10-rescaled-RG.bam	366289	142.136	7.1473	15790061	5976651	2.7053	37.8507
./Gmi-CBas_053-Ex1-cssl.clmp.fp2-repr.rad.RAW-10-10-rescaled-RG.bam	304791	141.06	7.37462	15790061	4707862	2.19877	29.8154
./Gmi-CBas_044-GmC02044-L1-fp1-clmp-fp2-fqscrn-repr.rad.RAW-10-10-rescaled-RG.bam	1382947	145.292	26.5559	15790061	6058420	10.1891	38.3686
./Gmi-CBas_054-merged.rgfix.rad.RAW-10-10-rescaled-RG.bam	406269	142.247	7.7606	15790061	6021528	2.9595	38.1349
./Gmi-CBas_055-Ex1-cssl.clmp.fp2-repr.rad.RAW-10-10-rescaled-RG.bam	384683	141.62	8.61262	15790061	5123503	2.79459	32.4476
./Gmi-CBas_057-merged.rgfix.rad.RAW-10-10-rescaled-RG.bam	194589	122.229	3.78552	15790061	3907549	0.936798	24.7469
./Gmi-CBas_051-GmC02052-L1-fp1-clmp-fp2-fqscrn-repr.rad.RAW-10-10-rescaled-RG.bam	801745	145.61	19.4542	15790061	4793281	5.90558	30.3563
./Gmi-CBas_058-Ex1-cssl.clmp.fp2-repr.rad.RAW-10-10-rescaled-RG.bam	282160	141.539	7.44286	15790061	4363978	2.05702	27.6375
./Gmi-CBas_049-merged.rgfix.rad.RAW-10-10-rescaled-RG.bam	962042	142.179	12.3718	15790061	8762416	6.86551	55.4932
./Gmi-CBas_060-Ex1-cssl.clmp.fp2-repr.rad.RAW-10-10-rescaled-RG.bam	303061	142.041	7.60864	15790061	4661152	2.24603	29.5195
./Gmi-CBas_061-Ex1-cssl.clmp.fp2-repr.rad.RAW-10-10-rescaled-RG.bam	330613	138.927	7.64745	15790061	4730179	2.29092	29.9567
./Gmi-CBas_056-GmC02056-L1-fp1-clmp-fp2-fqscrn-repr.rad.RAW-10-10-rescaled-RG.bam	906692	145.524	22.4804	15790061	4805491	6.8416	30.4336
./Gmi-CBas_059-GmC02059-L1-fp1-clmp-fp2-fqscrn-repr.rad.RAW-10-10-rescaled-RG.bam	698549	145.389	17.7119	15790061	4699345	5.27131	29.7614
./Gmi-CBas_066-merged.rgfix.rad.RAW-10-10-rescaled-RG.bam	212668	140.6	5.52838	15790061	4267037	1.49397	27.0236
./Gmi-CBas_067-Ex1-cssl.clmp.fp2-repr.rad.RAW-10-10-rescaled-RG.bam	287420	139.556	7.11578	15790061	4454015	2.0072	28.2077
./Gmi-CBas_063-GmC02063-L1-fp1-clmp-fp2-fqscrn-repr.rad.RAW-10-10-rescaled-RG.bam	657521	145.319	16.4887	15790061	4669995	4.87662	29.5755
./Gmi-CBas_064-merged.rgfix.rad.RAW-10-10-rescaled-RG.bam	957316	141.667	11.1841	15790061	9604060	6.80256	60.8235
./Gmi-CBas_069-merged.rgfix.rad.RAW-10-10-rescaled-RG.bam	331025	134.953	6.04589	15790061	5423543	2.07663	34.3478
./Gmi-CBas_070-Ex1-cssl.clmp.fp2-repr.rad.RAW-10-10-rescaled-RG.bam	215042	142.092	6.63058	15790061	3796773	1.59435	24.0453
./Gmi-CBas_077-GmC02077-L1-fp1-clmp-fp2-fqscrn-repr.rad.RAW-10-10-rescaled-RG.bam	3918	143.657	2.03266	15790061	215565	0.0277498	1.36519
./Gmi-CBas_071-Ex1-cssl.clmp.fp2-repr.rad.RAW-10-10-rescaled-RG.bam	385659	140.363	8.37882	15790061	4993431	2.64971	31.6239
./Gmi-CBas_068-merged.rgfix.rad.RAW-10-10-rescaled-RG.bam	787324	141.898	10.7775	15790061	8295319	5.66197	52.5351
./Gmi-CBas_078-Ex1-cssl.clmp.fp2-repr.rad.RAW-10-10-rescaled-RG.bam	423597	142.068	9.40005	15790061	5181112	3.08439	32.8125
./Gmi-CBas_079-Ex1-cssl.clmp.fp2-repr.rad.RAW-10-10-rescaled-RG.bam	537993	142.618	10.7287	15790061	5795343	3.9377	36.7025
./Gmi-CBas_072-GmC02072-L1-fp1-clmp-fp2-fqscrn-repr.rad.RAW-10-10-rescaled-RG.bam	778028	144.927	17.7544	15790061	4792543	5.38875	30.3516
./Gmi-CBas_081-Ex1-cssl.clmp.fp2-repr.rad.RAW-10-10-rescaled-RG.bam	392326	141.971	8.62589	15790061	5283160	2.88612	33.4588
./Gmi-CBas_075-merged.rgfix.rad.RAW-10-10-rescaled-RG.bam	934287	142.059	11.6438	15790061	9122916	6.72736	57.7763
./Gmi-CBas_080-merged.rgfix.rad.RAW-10-10-rescaled-RG.bam	510832	140.634	8.08531	15790061	6948099	3.55778	44.003
./Gmi-CBas_084-Ex1-cssl.clmp.fp2-repr.rad.RAW-10-10-rescaled-RG.bam	150603	139.134	5.17419	15790061	3179145	1.04176	20.1338
./Gmi-CBas_082-merged.rgfix.rad.RAW-10-10-rescaled-RG.bam	747101	140.09	9.80958	15790061	8263004	5.13339	52.3304
./Gmi-CBas_085-Ex1-cssl.clmp.fp2-repr.rad.RAW-10-10-rescaled-RG.bam	380493	135.412	7.15353	15790061	5125689	2.32214	32.4615
./Gmi-CBas_088-Ex1-cssl.clmp.fp2-repr.rad.RAW-10-10-rescaled-RG.bam	325375	138.923	7.32298	15790061	4750470	2.20313	30.0852
./Gmi-CBas_089-Ex1-cssl.clmp.fp2-repr.rad.RAW-10-10-rescaled-RG.bam	212277	141.564	6.21733	15790061	3933207	1.5487	24.9094
./Gmi-CBas_083-merged.rgfix.rad.RAW-10-10-rescaled-RG.bam	1281222	143.202	19.2971	15790061	7488762	9.15205	47.4271
./Gmi-CBas_090-Ex1-cssl.clmp.fp2-repr.rad.RAW-10-10-rescaled-RG.bam	229703	142.505	6.73135	15790061	4013022	1.71076	25.4149
./Gmi-CBas_091-Ex1-cssl.clmp.fp2-repr.rad.RAW-10-10-rescaled-RG.bam	341312	142.347	8.37612	15790061	4685030	2.48526	29.6708
./Gmi-CBas_093-Ex1-cssl.clmp.fp2-repr.rad.RAW-10-10-rescaled-RG.bam	168658	142.437	5.91132	15790061	3344999	1.25227	21.1842
./Gmi-CBas_087-GmC02087-L1-fp1-clmp-fp2-fqscrn-repr.rad.RAW-10-10-rescaled-RG.bam	1336154	145.303	24.0639	15790061	6476408	9.86998	41.0157
./Gmi-CBas_094-Ex1-cssl.clmp.fp2-repr.rad.RAW-10-10-rescaled-RG.bam	281531	142.503	7.36424	15790061	4483332	2.09096	28.3934
./Gmi-CBas_092-merged.rgfix.rad.RAW-10-10-rescaled-RG.bam	743544	140.152	9.60311	15790061	8426845	5.12499	53.368
./Gmi-CBas_086-merged.rgfix.rad.RAW-10-10-rescaled-RG.bam	1436683	145.084	26.1903	15790061	6506960	10.7928	41.2092
./Gmi-CBat_001-Ex1-cssl.clmp.fp2-repr.rad.RAW-10-10-rescaled-RG.bam	237744	146.113	10.3986	15790061	2870154	1.89015	18.177
./Gmi-CBas_095-merged.rgfix.rad.RAW-10-10-rescaled-RG.bam	660522	140.985	9.58331	15790061	7604129	4.6151	48.1577
./Gmi-CBat_004-Ex1-cssl.clmp.fp2-repr.rad.RAW-10-10-rescaled-RG.bam	283524	141.997	6.23606	15790061	5333583	2.10642	33.7781
./Gmi-CBat_003-Ex1-cssl.clmp.fp2-repr.rad.RAW-10-10-rescaled-RG.bam	356330	146.2	13.1228	15790061	3391540	2.81864	21.479
./Gmi-CBat_006-GmC01006-L1-fp1-clmp-fp2-fqscrn-repr.rad.RAW-10-10-rescaled-RG.bam	175174	145.433	8.91004	15790061	2323530	1.31113	14.7151
./Gmi-CBat_002-merged.rgfix.rad.RAW-10-10-rescaled-RG.bam	461740	145.394	14.7656	15790061	3836668	3.58774	24.298
./Gmi-CBat_008-GmC01008-L1-fp1-clmp-fp2-fqscrn-repr.rad.RAW-10-10-rescaled-RG.bam	466964	145.422	11.8688	15790061	4655631	3.49946	29.4846
./Gmi-CBat_009-GmC01009-L1-fp1-clmp-fp2-fqscrn-repr.rad.RAW-10-10-rescaled-RG.bam	195941	145.34	8.19307	15790061	2840994	1.47412	17.9923
./Gmi-CBat_005-merged.rgfix.rad.RAW-10-10-rescaled-RG.bam	677917	145.138	17.0528	15790061	4825818	5.21174	30.5624
./Gmi-CBat_011-Ex1-cssl.clmp.fp2-repr.rad.RAW-10-10-rescaled-RG.bam	290749	145.914	11.0455	15790061	3283618	2.29696	20.7955
./Gmi-CBat_010-Ex1-cssl.clmp.fp2-repr.rad.RAW-10-10-rescaled-RG.bam	675834	145.112	12.3682	15790061	6515419	5.10346	41.2628
./Gmi-CBat_012-merged.rgfix.rad.RAW-10-10-rescaled-RG.bam	511168	145.127	16.2219	15790061	3813267	3.91756	24.1498
./Gmi-CBat_015-Ex1-cssl.clmp.fp2-repr.rad.RAW-10-10-rescaled-RG.bam	526129	142.727	12.9069	15790061	4711912	3.85155	29.841
./Gmi-CBat_017-GmC01017-L1-fp1-clmp-fp2-fqscrn-repr.rad.RAW-10-10-rescaled-RG.bam	342588	145.53	9.08438	15790061	4697999	2.70287	29.7529
./Gmi-CBat_013-merged.rgfix.rad.RAW-10-10-rescaled-RG.bam	674327	143.743	14.3527	15790061	5603296	5.09323	35.4862
./Gmi-CBat_014-GmC01014-L1-fp1-clmp-fp2-fqscrn-repr.rad.RAW-10-10-rescaled-RG.bam	730057	144.88	16.8722	15790061	5248663	5.60837	33.2403
./Gmi-CBat_019-Ex1-cssl.clmp.fp2-repr.rad.RAW-10-10-rescaled-RG.bam	586961	139.723	8.67139	15790061	7436585	4.08393	47.0966
./Gmi-CBat_023-Ex1-cssl.clmp.fp2-repr.rad.RAW-10-10-rescaled-RG.bam	223476	145.387	6.3249	15790061	4479792	1.79443	28.371
./Gmi-CBat_022-merged.rgfix.rad.RAW-10-10-rescaled-RG.bam	381088	143.827	12.2929	15790061	3650262	2.84181	23.1175
./Gmi-CBat_020-Ex1-cssl.clmp.fp2-repr.rad.RAW-10-10-rescaled-RG.bam	594719	143.025	11.8911	15790061	5864429	4.41635	37.14
./Gmi-CBat_016-GmC01016-L1-fp1-clmp-fp2-fqscrn-repr.rad.RAW-10-10-rescaled-RG.bam	920959	145.162	18.6838	15790061	6020315	7.12362	38.1272
./Gmi-CBat_021-merged.rgfix.rad.RAW-10-10-rescaled-RG.bam	490296	144.357	12.72	15790061	4628842	3.72886	29.3149
./Gmi-CBat_018-merged.rgfix.rad.RAW-10-10-rescaled-RG.bam	1112114	145.146	16	15790061	8374948	8.4863	53.0394
./Gmi-CBat_025-Ex1-cssl.clmp.fp2-repr.rad.RAW-10-10-rescaled-RG.bam	429198	142.857	10.9443	15790061	4539590	3.14645	28.7497
./Gmi-CBat_024-Ex1-cssl.clmp.fp2-repr.rad.RAW-10-10-rescaled-RG.bam	528227	145.647	15.6696	15790061	4136909	4.10535	26.1994
./Gmi-CBat_028-GmC01028-L1-fp1-clmp-fp2-fqscrn-repr.rad.RAW-10-10-rescaled-RG.bam	367589	143.64	11.276	15790061	4074341	2.90957	25.8032
./Gmi-CBat_027-Ex1-cssl.clmp.fp2-repr.rad.RAW-10-10-rescaled-RG.bam	639214	143.628	13.236	15790061	5749504	4.81951	36.4122
./Gmi-CBat_026-GmC01026-L1-fp1-clmp-fp2-fqscrn-repr.rad.RAW-10-10-rescaled-RG.bam	1638588	145.743	25.2892	15790061	7739736	12.3959	49.0165
./Gmi-CBat_029-GmC01029-L1-fp1-clmp-fp2-fqscrn-repr.rad.RAW-10-10-rescaled-RG.bam	922956	145.783	17.2867	15790061	6478559	7.09262	41.0293
./Gmi-CBat_030-Ex1-cssl.clmp.fp2-repr.rad.RAW-10-10-rescaled-RG.bam	499895	144.942	12.8808	15790061	4746978	3.87236	30.0631
./Gmi-CBat_032-GmC01032-L1-fp1-clmp-fp2-fqscrn-repr.rad.RAW-10-10-rescaled-RG.bam	268086	145.279	7.92825	15790061	4347917	2.18311	27.5358
./Gmi-CBat_031-Ex1-cssl.clmp.fp2-repr.rad.RAW-10-10-rescaled-RG.bam	617085	141.501	9.86699	15790061	7136669	4.45961	45.1972
./Gmi-CBat_034-Ex1-cssl.clmp.fp2-repr.rad.RAW-10-10-rescaled-RG.bam	352627	142.349	7.56649	15790061	5513739	2.64215	34.919
./Gmi-CBat_036-merged.rgfix.rad.RAW-10-10-rescaled-RG.bam	379156	145.079	12.4115	15790061	3704554	2.9119	23.4613
./Gmi-CBat_033-GmC01033-L1-fp1-clmp-fp2-fqscrn-repr.rad.RAW-10-10-rescaled-RG.bam	900662	145.31	18.176	15790061	5963129	6.86418	37.7651
./Gmi-CBat_037-merged.rgfix.rad.RAW-10-10-rescaled-RG.bam	480268	143.149	11.9722	15790061	4643616	3.52084	29.4085
./Gmi-CBat_042-merged.rgfix.rad.RAW-10-10-rescaled-RG.bam	365845	143.336	9.81675	15790061	4348579	2.70353	27.54
./Gmi-CBat_041-GmC01041-L1-fp1-clmp-fp2-fqscrn-repr.rad.RAW-10-10-rescaled-RG.bam	906665	145.645	16.4173	15790061	6708724	6.97522	42.487
./Gmi-CBat_044-Ex1-cssl.clmp.fp2-repr.rad.RAW-10-10-rescaled-RG.bam	588370	142.25	8.06333	15790061	8697634	4.44152	55.083
./Gmi-CBat_035-merged.rgfix.rad.RAW-10-10-rescaled-RG.bam	1040879	144.315	20.1703	15790061	6120766	7.8187	38.7634
./Gmi-CBat_038-GmC01038-L1-fp1-clmp-fp2-fqscrn-repr.rad.RAW-10-10-rescaled-RG.bam	778839	144.451	17.3219	15790061	5501487	6.0352	34.8415
./Gmi-CBat_040-merged.rgfix.rad.RAW-10-10-rescaled-RG.bam	589851	145.449	14.958	15790061	4855043	4.59921	30.7475
./Gmi-CBat_047-merged.rgfix.rad.RAW-10-10-rescaled-RG.bam	603941	141.982	10.341	15790061	6850861	4.48667	43.3872
./Gmi-CBat_039-Ex1-cssl.clmp.fp2-repr.rad.RAW-10-10-rescaled-RG.bam	900955	145.094	12.5862	15790061	8919995	7.1101	56.4912
./Gmi-CBat_043-Ex1-cssl.clmp.fp2-repr.rad.RAW-10-10-rescaled-RG.bam	798094	143.658	15.0768	15790061	6278316	5.99471	39.7612
./Gmi-CBat_049-Ex1-cssl.clmp.fp2-repr.rad.RAW-10-10-rescaled-RG.bam	640487	141.133	9.97309	15790061	7335478	4.63313	46.4563
./Gmi-CBat_045-GmC01045-L1-fp1-clmp-fp2-fqscrn-repr.rad.RAW-10-10-rescaled-RG.bam	862301	143.729	16.7478	15790061	6394405	6.78225	40.4964
./Gmi-CBat_050-Ex1-cssl.clmp.fp2-repr.rad.RAW-10-10-rescaled-RG.bam	473767	142.03	8.84922	15790061	6265611	3.51143	39.6807
./Gmi-CBat_046-Ex1-cssl.clmp.fp2-repr.rad.RAW-10-10-rescaled-RG.bam	923280	144.155	11.0607	15790061	9907169	6.93982	62.7431
./Gmi-CBat_052-Ex1-cssl.clmp.fp2-repr.rad.RAW-10-10-rescaled-RG.bam	314490	144.012	10.2042	15790061	3612594	2.33461	22.8789
./Gmi-CBat_051-merged.rgfix.rad.RAW-10-10-rescaled-RG.bam	675288	142.946	12.673	15790061	6209230	4.98349	39.3237
./Gmi-CBat_054-GmC01054-L1-fp1-clmp-fp2-fqscrn-repr.rad.RAW-10-10-rescaled-RG.bam	593278	145.59	13.0272	15790061	5352360	4.41583	33.897
./Gmi-CBat_048-Ex1-cssl.clmp.fp2-repr.rad.RAW-10-10-rescaled-RG.bam	904358	145.85	16.33	15790061	6961397	7.19944	44.0872
./Gmi-CBat_057-GmC01057-L1-fp1-clmp-fp2-fqscrn-repr.rad.RAW-10-10-rescaled-RG.bam	385986	145.288	10.9769	15790061	4210361	2.92695	26.6646
./Gmi-CBat_056-Ex1-cssl.clmp.fp2-repr.rad.RAW-10-10-rescaled-RG.bam	507744	144.403	11.9799	15790061	5232401	3.96982	33.1373
./Gmi-CBat_059-Ex1-cssl.clmp.fp2-repr.rad.RAW-10-10-rescaled-RG.bam	500113	145.304	8.9463	15790061	7045265	3.99169	44.6184
./Gmi-CBat_061-merged.rgfix.rad.RAW-10-10-rescaled-RG.bam	457363	144.683	12.8102	15790061	4313867	3.49976	27.3201
./Gmi-CBat_064-Ex1-cssl.clmp.fp2-repr.rad.RAW-10-10-rescaled-RG.bam	247632	142.1	7.48246	15790061	3900085	1.84814	24.6996
./Gmi-CBat_065-Ex1-cssl.clmp.fp2-repr.rad.RAW-10-10-rescaled-RG.bam	253646	143.35	4.89698	15790061	6278096	1.94703	39.7598
./Gmi-CBat_062-merged.rgfix.rad.RAW-10-10-rescaled-RG.bam	456011	144.972	13.7274	15790061	4060129	3.52975	25.7132
./Gmi-CBat_068-GmC01068-L1-fp1-clmp-fp2-fqscrn-repr.rad.RAW-10-10-rescaled-RG.bam	76167	144.774	4.61006	15790061	1886312	0.550727	11.9462
./Gmi-CBat_063-Ex1-cssl.clmp.fp2-repr.rad.RAW-10-10-rescaled-RG.bam	919926	144.966	12.7608	15790061	8843119	7.1466	56.0043
./Gmi-CBat_071-merged.rgfix.rad.RAW-10-10-rescaled-RG.bam	325859	140.702	7.00535	15790061	5225983	2.31854	33.0967
./Gmi-CBat_072-GmC01072-L1-fp1-clmp-fp2-fqscrn-repr.rad.RAW-10-10-rescaled-RG.bam	216094	143.73	7.63602	15790061	3505086	1.69505	22.1981
./Gmi-CBat_066-merged.rgfix.rad.RAW-10-10-rescaled-RG.bam	861136	143.366	15.5757	15790061	6583589	6.49421	41.6945
./Gmi-CBat_058-merged.rgfix.rad.RAW-10-10-rescaled-RG.bam	1380938	145.654	14.9869	15790061	11621325	11.0302	73.599
./Gmi-CBat_067-Ex1-cssl.clmp.fp2-repr.rad.RAW-10-10-rescaled-RG.bam	812511	143.265	14.178	15790061	6723346	6.03694	42.5796
./Gmi-CBat_060-Ex1-cssl.clmp.fp2-repr.rad.RAW-10-10-rescaled-RG.bam	1289515	144.297	15.4376	15790061	10086327	9.86118	63.8777
./Gmi-CBat_074-GmC01074-L1-fp1-clmp-fp2-fqscrn-repr.rad.RAW-10-10-rescaled-RG.bam	173996	145.086	7.58566	15790061	2671753	1.28353	16.9205
./Gmi-CBat_070-merged.rgfix.rad.RAW-10-10-rescaled-RG.bam	708284	144.126	14.873	15790061	5796997	5.46032	36.7129
./Gmi-CBat_073-GmC01073-L1-fp1-clmp-fp2-fqscrn-repr.rad.RAW-10-10-rescaled-RG.bam	562980	145.618	11.8597	15790061	6163195	4.62909	39.0321
./Gmi-CBat_076-Ex1-cssl.clmp.fp2-repr.rad.RAW-10-10-rescaled-RG.bam	291662	144.392	8.27174	15790061	4253877	2.22842	26.9402
./Gmi-CBat_075-GmC01075-L1-fp1-clmp-fp2-fqscrn-repr.rad.RAW-10-10-rescaled-RG.bam	804891	145.329	18.3438	15790061	5258934	6.10947	33.3053
./Gmi-CBat_053-GmC01053-L1-fp1-clmp-fp2-fqscrn-repr.rad.RAW-10-10-rescaled-RG.bam	3780593	145.91	47.2121	15790061	9833517	29.4021	62.2766
./Gmi-CBat_083-Ex1-cssl.clmp.fp2-repr.rad.RAW-10-10-rescaled-RG.bam	271615	144.356	10.0792	15790061	3317809	2.11784	21.012
./Gmi-CBat_069-GmC01069-L1-fp1-clmp-fp2-fqscrn-repr.rad.RAW-10-10-rescaled-RG.bam	4344201	145.975	47.4035	15790061	11146339	33.4625	70.5909
./Gmi-CBat_082-merged.rgfix.rad.RAW-10-10-rescaled-RG.bam	632019	143.502	13.7591	15790061	5410561	4.71464	34.2656
./Gmi-CBat_085-GmC01085-L1-fp1-clmp-fp2-fqscrn-repr.rad.RAW-10-10-rescaled-RG.bam	178336	145.112	7.72593	15790061	2756209	1.34859	17.4553
./Gmi-CBat_080-merged.rgfix.rad.RAW-10-10-rescaled-RG.bam	725421	144.269	15.7536	15790061	5572994	5.56013	35.2943
./Gmi-CBat_084-Ex1-cssl.clmp.fp2-repr.rad.RAW-10-10-rescaled-RG.bam	588497	142.355	7.91605	15790061	8819988	4.42174	55.8578
./Gmi-CBat_088-Ex1-cssl.clmp.fp2-repr.rad.RAW-10-10-rescaled-RG.bam	237733	142.745	6.11915	15790061	4595859	1.78104	29.106
./Gmi-CBat_081-merged.rgfix.rad.RAW-10-10-rescaled-RG.bam	1015408	144.591	13.699	15790061	8843116	7.67203	56.0043
./Gmi-CBat_091-Ex1-cssl.clmp.fp2-repr.rad.RAW-10-10-rescaled-RG.bam	115522	141.403	4.59306	15790061	2898569	0.843144	18.3569
./Gmi-CBat_087-GmC01087-L1-fp1-clmp-fp2-fqscrn-repr.rad.RAW-10-10-rescaled-RG.bam	492037	145.354	12.3833	15790061	4721666	3.70295	29.9028
./Gmi-CBat_090-GmC01090-L1-fp1-clmp-fp2-fqscrn-repr.rad.RAW-10-10-rescaled-RG.bam	658647	145.57	12.8171	15790061	6362485	5.16455	40.2942
./Gmi-CBat_078-GmC01078-L1-fp1-clmp-fp2-fqscrn-repr.rad.RAW-10-10-rescaled-RG.bam	1394389	145.49	27.6517	15790061	6066370	10.6235	38.4189
./Gmi-CBat_093-merged.rgfix.rad.RAW-10-10-rescaled-RG.bam	411051	144.673	11.5501	15790061	4390166	3.21131	27.8034
./Gmi-CBat_086-GmC01086-L1-fp1-clmp-fp2-fqscrn-repr.rad.RAW-10-10-rescaled-RG.bam	1508994	145.341	25.7906	15790061	7086384	11.5745	44.8788
./Gmi-CBat_092-GmC01092-L1-fp1-clmp-fp2-fqscrn-repr.rad.RAW-10-10-rescaled-RG.bam	1104594	145.556	21.5064	15790061	6128541	8.3472	38.8126
./Gmi-CBat_095-merged.rgfix.rad.RAW-10-10-rescaled-RG.bam	395153	144.727	14.7386	15790061	3196243	2.98341	20.2421
./Gmi-CBat_094-merged.rgfix.rad.RAW-10-10-rescaled-RG.bam	715397	143.886	14.583	15790061	5869487	5.4208	37.172
./Gmi-CBat_089-GmC01089-L1-fp1-clmp-fp2-fqscrn-repr.rad.RAW-10-10-rescaled-RG.bam	1751293	144.825	26.7501	15790061	8103971	13.729	51.3232
./Gmi-CBat_077-GmC01077-L1-fp1-clmp-fp2-fqscrn-repr.rad.RAW-10-10-rescaled-RG.bam	3368522	145.637	42.9222	15790061	9521570	25.8825	60.301
./Gmi-CBat_096-merged.rgfix.rad.RAW-10-10-rescaled-RG.bam	1040802	140.273	12.4156	15790061	9438283	7.42125	59.7736
./Gmi-CBat_079-Ex1-cssl.clmp.fp2-repr.rad.RAW-10-10-rescaled-RG.bam	5229273	143.137	42.729	15790061	14376813	38.9047	91.0498
