file	#_reads_raw	#_reads_fp1	#_reads_clmp	#_reads_fp2	#_reads_fqscrn	#_reads_repr	%_readsRemaining_fp1	%_readsRemaining_clmp	%_readsRemaining_fp2	%_readsRemaining_fqscrn	%_readsRemaining_repr	%_total_readsRemaining
/home/e1garcia/shotgun_PIRE/pire_cssl_data_processing/gazza_minuta/2nd_sequencing_run//raw_fq_capture//Gmi-ABas_001-Ex1-b-cssl2.1.fq.gz	5638634	5426740	2376352	2343913	1911426	1853714	96.2421	43.7897	98.6349	81.5485	96.9807	32.8752
/home/e1garcia/shotgun_PIRE/pire_cssl_data_processing/gazza_minuta/2nd_sequencing_run//raw_fq_capture//Gmi-ABas_001-Ex1-b-cssl2.2.fq.gz	5638634	5426740	2376352	2343913	1921409	1853714	96.2421	43.7897	98.6349	81.9744	96.4768	32.8752
/home/e1garcia/shotgun_PIRE/pire_cssl_data_processing/gazza_minuta/2nd_sequencing_run//raw_fq_capture//Gmi-ABas_003-Ex1-b-cssl2.1.fq.gz	4422095	4204070	2424002	2397707	2099656	2055115	95.0696	57.6585	98.9152	87.5693	97.8787	46.4738
/home/e1garcia/shotgun_PIRE/pire_cssl_data_processing/gazza_minuta/2nd_sequencing_run//raw_fq_capture//Gmi-ABas_003-Ex1-b-cssl2.2.fq.gz	4422095	4204070	2424002	2397707	2106752	2055115	95.0696	57.6585	98.9152	87.8653	97.549	46.4738
/home/e1garcia/shotgun_PIRE/pire_cssl_data_processing/gazza_minuta/2nd_sequencing_run//raw_fq_capture//Gmi-ABas_004-Ex1-b-cssl2.1.fq.gz	3117856	2916843	1539842	1522511	1305277	1275643	93.5528	52.7914	98.8745	85.7319	97.7297	40.9141
/home/e1garcia/shotgun_PIRE/pire_cssl_data_processing/gazza_minuta/2nd_sequencing_run//raw_fq_capture//Gmi-ABas_004-Ex1-b-cssl2.2.fq.gz	3117856	2916843	1539842	1522511	1308306	1275643	93.5528	52.7914	98.8745	85.9308	97.5034	40.9141
/home/e1garcia/shotgun_PIRE/pire_cssl_data_processing/gazza_minuta/2nd_sequencing_run//raw_fq_capture//Gmi-ABas_008-Ex1-b-cssl.1.fq.gz	10385921	10061910	6315977	6228769	4836261	4403269	96.8803	62.7712	98.6192	77.6439	91.047	42.3965
/home/e1garcia/shotgun_PIRE/pire_cssl_data_processing/gazza_minuta/2nd_sequencing_run//raw_fq_capture//Gmi-ABas_008-Ex1-b-cssl.2.fq.gz	10385921	10061910	6315977	6228769	4916575	4403269	96.8803	62.7712	98.6192	78.9333	89.5597	42.3965
/home/e1garcia/shotgun_PIRE/pire_cssl_data_processing/gazza_minuta/2nd_sequencing_run//raw_fq_capture//Gmi-ABas_009-Ex1-b-cssl.1.fq.gz	5476261	5318216	2941446	2912566	2620191	2573199	97.114	55.3089	99.0182	89.9616	98.2065	46.9882
/home/e1garcia/shotgun_PIRE/pire_cssl_data_processing/gazza_minuta/2nd_sequencing_run//raw_fq_capture//Gmi-ABas_009-Ex1-b-cssl.2.fq.gz	5476261	5318216	2941446	2912566	2623807	2573199	97.114	55.3089	99.0182	90.0858	98.0712	46.9882
/home/e1garcia/shotgun_PIRE/pire_cssl_data_processing/gazza_minuta/2nd_sequencing_run//raw_fq_capture//Gmi-ABas_010-Ex1-b-cssl.1.fq.gz	5930422	5731951	3156893	3126083	2766013	2711619	96.6533	55.0754	99.024	88.4818	98.0335	45.7239
/home/e1garcia/shotgun_PIRE/pire_cssl_data_processing/gazza_minuta/2nd_sequencing_run//raw_fq_capture//Gmi-ABas_010-Ex1-b-cssl.2.fq.gz	5930422	5731951	3156893	3126083	2771346	2711619	96.6533	55.0754	99.024	88.6523	97.8448	45.7239
/home/e1garcia/shotgun_PIRE/pire_cssl_data_processing/gazza_minuta/2nd_sequencing_run//raw_fq_capture//Gmi-ABas_011-Ex1-b-cssl.1.fq.gz	4711386	4589859	2201888	2174817	1770376	1717233	97.4206	47.9729	98.7706	81.4034	96.9982	36.4486
/home/e1garcia/shotgun_PIRE/pire_cssl_data_processing/gazza_minuta/2nd_sequencing_run//raw_fq_capture//Gmi-ABas_011-Ex1-b-cssl.2.fq.gz	4711386	4589859	2201888	2174817	1779573	1717233	97.4206	47.9729	98.7706	81.8263	96.4969	36.4486
/home/e1garcia/shotgun_PIRE/pire_cssl_data_processing/gazza_minuta/2nd_sequencing_run//raw_fq_capture//Gmi-ABas_012-Ex1-b-cssl.1.fq.gz	6727803	6508080	3070463	3033645	2567683	2513090	96.7341	47.1792	98.8009	84.6402	97.8738	37.3538
/home/e1garcia/shotgun_PIRE/pire_cssl_data_processing/gazza_minuta/2nd_sequencing_run//raw_fq_capture//Gmi-ABas_012-Ex1-b-cssl.2.fq.gz	6727803	6508080	3070463	3033645	2576288	2513090	96.7341	47.1792	98.8009	84.9238	97.5469	37.3538
/home/e1garcia/shotgun_PIRE/pire_cssl_data_processing/gazza_minuta/2nd_sequencing_run//raw_fq_capture//Gmi-ABas_013-Ex1-b-cssl.1.fq.gz	4040317	3933873	1998498	1974535	1711472	1667932	97.3655	50.8023	98.8009	86.6772	97.456	41.2822
/home/e1garcia/shotgun_PIRE/pire_cssl_data_processing/gazza_minuta/2nd_sequencing_run//raw_fq_capture//Gmi-ABas_013-Ex1-b-cssl.2.fq.gz	4040317	3933873	1998498	1974535	1718344	1667932	97.3655	50.8023	98.8009	87.0252	97.0662	41.2822
/home/e1garcia/shotgun_PIRE/pire_cssl_data_processing/gazza_minuta/2nd_sequencing_run//raw_fq_capture//Gmi-ABas_014-Ex1-b-cssl.1.fq.gz	666415	647600	350118	346077	305664	300553	97.1767	54.0639	98.8458	88.3225	98.3279	45.1
/home/e1garcia/shotgun_PIRE/pire_cssl_data_processing/gazza_minuta/2nd_sequencing_run//raw_fq_capture//Gmi-ABas_014-Ex1-b-cssl.2.fq.gz	666415	647600	350118	346077	306185	300553	97.1767	54.0639	98.8458	88.4731	98.1606	45.1
/home/e1garcia/shotgun_PIRE/pire_cssl_data_processing/gazza_minuta/2nd_sequencing_run//raw_fq_capture//Gmi-ABas_015-Ex1-b-cssl.1.fq.gz	5986648	5865840	2873997	2841498	2575900	2531722	97.982	48.9955	98.8692	90.6529	98.2849	42.2895
/home/e1garcia/shotgun_PIRE/pire_cssl_data_processing/gazza_minuta/2nd_sequencing_run//raw_fq_capture//Gmi-ABas_015-Ex1-b-cssl.2.fq.gz	5986648	5865840	2873997	2841498	2580118	2531722	97.982	48.9955	98.8692	90.8013	98.1243	42.2895
/home/e1garcia/shotgun_PIRE/pire_cssl_data_processing/gazza_minuta/2nd_sequencing_run//raw_fq_capture//Gmi-ABas_016-Ex1-b-cssl.1.fq.gz	6891604	6719149	3278394	3238687	2768646	2694874	97.4976	48.7918	98.7888	85.4867	97.3354	39.1037
/home/e1garcia/shotgun_PIRE/pire_cssl_data_processing/gazza_minuta/2nd_sequencing_run//raw_fq_capture//Gmi-ABas_016-Ex1-b-cssl.2.fq.gz	6891604	6719149	3278394	3238687	2780189	2694874	97.4976	48.7918	98.7888	85.8431	96.9313	39.1037
/home/e1garcia/shotgun_PIRE/pire_cssl_data_processing/gazza_minuta/2nd_sequencing_run//raw_fq_capture//Gmi-ABas_017-Ex1-b-cssl2.1.fq.gz	5882487	5742047	2709333	2680074	2440267	2404218	97.6126	47.1841	98.9201	91.0522	98.5227	40.8708
/home/e1garcia/shotgun_PIRE/pire_cssl_data_processing/gazza_minuta/2nd_sequencing_run//raw_fq_capture//Gmi-ABas_017-Ex1-b-cssl2.2.fq.gz	5882487	5742047	2709333	2680074	2442166	2404218	97.6126	47.1841	98.9201	91.1231	98.4461	40.8708
/home/e1garcia/shotgun_PIRE/pire_cssl_data_processing/gazza_minuta/2nd_sequencing_run//raw_fq_capture//Gmi-ABas_018-Ex1-b-cssl2.1.fq.gz	6211829	6089483	3207990	3177440	2992664	2958872	98.0304	52.6808	99.0477	94.1848	98.8708	47.6329
/home/e1garcia/shotgun_PIRE/pire_cssl_data_processing/gazza_minuta/2nd_sequencing_run//raw_fq_capture//Gmi-ABas_018-Ex1-b-cssl2.2.fq.gz	6211829	6089483	3207990	3177440	2993738	2958872	98.0304	52.6808	99.0477	94.2186	98.8354	47.6329
/home/e1garcia/shotgun_PIRE/pire_cssl_data_processing/gazza_minuta/2nd_sequencing_run//raw_fq_capture//Gmi-ABas_019-Ex1-b-cssl2.1.fq.gz	4456017	4360890	2425418	2402521	2221802	2191459	97.8652	55.6175	99.056	92.4779	98.6343	49.1798
/home/e1garcia/shotgun_PIRE/pire_cssl_data_processing/gazza_minuta/2nd_sequencing_run//raw_fq_capture//Gmi-ABas_019-Ex1-b-cssl2.2.fq.gz	4456017	4360890	2425418	2402521	2223202	2191459	97.8652	55.6175	99.056	92.5362	98.5722	49.1798
/home/e1garcia/shotgun_PIRE/pire_cssl_data_processing/gazza_minuta/2nd_sequencing_run//raw_fq_capture//Gmi-ABas_022-Ex1-b-cssl2.1.fq.gz	5224680	5109899	2998023	2970952	2766874	2731505	97.8031	58.6709	99.097	93.1309	98.7217	52.2808
/home/e1garcia/shotgun_PIRE/pire_cssl_data_processing/gazza_minuta/2nd_sequencing_run//raw_fq_capture//Gmi-ABas_022-Ex1-b-cssl2.2.fq.gz	5224680	5109899	2998023	2970952	2767859	2731505	97.8031	58.6709	99.097	93.164	98.6866	52.2808
/home/e1garcia/shotgun_PIRE/pire_cssl_data_processing/gazza_minuta/2nd_sequencing_run//raw_fq_capture//Gmi-ABas_024-Ex1-b-cssl.1.fq.gz	5608165	5444052	2655429	2624167	2217489	2176769	97.0737	48.7767	98.8227	84.5026	98.1637	38.8143
/home/e1garcia/shotgun_PIRE/pire_cssl_data_processing/gazza_minuta/2nd_sequencing_run//raw_fq_capture//Gmi-ABas_024-Ex1-b-cssl.2.fq.gz	5608165	5444052	2655429	2624167	2222226	2176769	97.0737	48.7767	98.8227	84.6831	97.9544	38.8143
/home/e1garcia/shotgun_PIRE/pire_cssl_data_processing/gazza_minuta/2nd_sequencing_run//raw_fq_capture//Gmi-ABas_025-Ex1-b-cssl.1.fq.gz	5014796	4902479	1957777	1929938	1771497	1750460	97.7603	39.9344	98.578	91.7904	98.8125	34.9059
/home/e1garcia/shotgun_PIRE/pire_cssl_data_processing/gazza_minuta/2nd_sequencing_run//raw_fq_capture//Gmi-ABas_025-Ex1-b-cssl.2.fq.gz	5014796	4902479	1957777	1929938	1772800	1750460	97.7603	39.9344	98.578	91.8579	98.7398	34.9059
/home/e1garcia/shotgun_PIRE/pire_cssl_data_processing/gazza_minuta/2nd_sequencing_run//raw_fq_capture//Gmi-ABas_026-Ex1-b-cssl.1.fq.gz	9856980	9655479	2758670	2705740	2425134	2395283	97.9558	28.571	98.0813	89.6292	98.7691	24.3004
/home/e1garcia/shotgun_PIRE/pire_cssl_data_processing/gazza_minuta/2nd_sequencing_run//raw_fq_capture//Gmi-ABas_026-Ex1-b-cssl.2.fq.gz	9856980	9655479	2758670	2705740	2428727	2395283	97.9558	28.571	98.0813	89.762	98.623	24.3004
/home/e1garcia/shotgun_PIRE/pire_cssl_data_processing/gazza_minuta/2nd_sequencing_run//raw_fq_capture//Gmi-ABas_027-Ex1-b-cssl.1.fq.gz	11121000	10877685	2972649	2914384	2629224	2603226	97.8121	27.328	98.04	90.2154	99.0112	23.4082
/home/e1garcia/shotgun_PIRE/pire_cssl_data_processing/gazza_minuta/2nd_sequencing_run//raw_fq_capture//Gmi-ABas_027-Ex1-b-cssl.2.fq.gz	11121000	10877685	2972649	2914384	2632696	2603226	97.8121	27.328	98.04	90.3346	98.8806	23.4082
/home/e1garcia/shotgun_PIRE/pire_cssl_data_processing/gazza_minuta/2nd_sequencing_run//raw_fq_capture//Gmi-ABas_028-Ex1-b-cssl2.1.fq.gz	9680605	9478674	2893141	2844378	2531866	2500923	97.9141	30.5226	98.3145	89.013	98.7779	25.8344
/home/e1garcia/shotgun_PIRE/pire_cssl_data_processing/gazza_minuta/2nd_sequencing_run//raw_fq_capture//Gmi-ABas_028-Ex1-b-cssl2.2.fq.gz	9680605	9478674	2893141	2844378	2534410	2500923	97.9141	30.5226	98.3145	89.1024	98.6787	25.8344
/home/e1garcia/shotgun_PIRE/pire_cssl_data_processing/gazza_minuta/2nd_sequencing_run//raw_fq_capture//Gmi-ABas_029-Ex1-b-cssl.1.fq.gz	9738844	9483914	2538346	2490890	2213258	2184371	97.3823	26.7648	98.1304	88.8541	98.6948	22.4295
/home/e1garcia/shotgun_PIRE/pire_cssl_data_processing/gazza_minuta/2nd_sequencing_run//raw_fq_capture//Gmi-ABas_029-Ex1-b-cssl.2.fq.gz	9738844	9483914	2538346	2490890	2217221	2184371	97.3823	26.7648	98.1304	89.0132	98.5184	22.4295
/home/e1garcia/shotgun_PIRE/pire_cssl_data_processing/gazza_minuta/2nd_sequencing_run//raw_fq_capture//Gmi-ABas_030-Ex1-b-cssl2.1.fq.gz	7949822	7790881	2397742	2355232	2020640	1984127	98.0007	30.7763	98.2271	85.7937	98.193	24.9581
/home/e1garcia/shotgun_PIRE/pire_cssl_data_processing/gazza_minuta/2nd_sequencing_run//raw_fq_capture//Gmi-ABas_030-Ex1-b-cssl2.2.fq.gz	7949822	7790881	2397742	2355232	2026134	1984127	98.0007	30.7763	98.2271	86.0269	97.9267	24.9581
/home/e1garcia/shotgun_PIRE/pire_cssl_data_processing/gazza_minuta/2nd_sequencing_run//raw_fq_capture//Gmi-ABas_031-Ex1-b-cssl.1.fq.gz	9673297	9466433	2578951	2531015	2254514	2226918	97.8615	27.2431	98.1413	89.0755	98.776	23.0213
/home/e1garcia/shotgun_PIRE/pire_cssl_data_processing/gazza_minuta/2nd_sequencing_run//raw_fq_capture//Gmi-ABas_031-Ex1-b-cssl.2.fq.gz	9673297	9466433	2578951	2531015	2258388	2226918	97.8615	27.2431	98.1413	89.2286	98.6065	23.0213
/home/e1garcia/shotgun_PIRE/pire_cssl_data_processing/gazza_minuta/2nd_sequencing_run//raw_fq_capture//Gmi-ABas_032-Ex1-b-cssl.1.fq.gz	8860979	8695543	2446803	2407034	2104749	2073775	98.133	28.1386	98.3747	87.4416	98.5284	23.4035
/home/e1garcia/shotgun_PIRE/pire_cssl_data_processing/gazza_minuta/2nd_sequencing_run//raw_fq_capture//Gmi-ABas_032-Ex1-b-cssl.2.fq.gz	8860979	8695543	2446803	2407034	2106818	2073775	98.133	28.1386	98.3747	87.5276	98.4316	23.4035
/home/e1garcia/shotgun_PIRE/pire_cssl_data_processing/gazza_minuta/2nd_sequencing_run//raw_fq_capture//Gmi-ABas_033-Ex1-b-cssl2.1.fq.gz	8675376	8510308	2468298	2427489	2120169	2090220	98.0973	29.0036	98.3467	87.34	98.5874	24.0937
/home/e1garcia/shotgun_PIRE/pire_cssl_data_processing/gazza_minuta/2nd_sequencing_run//raw_fq_capture//Gmi-ABas_033-Ex1-b-cssl2.2.fq.gz	8675376	8510308	2468298	2427489	2122633	2090220	98.0973	29.0036	98.3467	87.4415	98.473	24.0937
/home/e1garcia/shotgun_PIRE/pire_cssl_data_processing/gazza_minuta/2nd_sequencing_run//raw_fq_capture//Gmi-ABas_034-Ex1-b-cssl2.1.fq.gz	8070250	7951787	2069154	2035276	1834747	1816218	98.5321	26.0212	98.3627	90.1473	98.9901	22.5051
/home/e1garcia/shotgun_PIRE/pire_cssl_data_processing/gazza_minuta/2nd_sequencing_run//raw_fq_capture//Gmi-ABas_034-Ex1-b-cssl2.2.fq.gz	8070250	7951787	2069154	2035276	1835965	1816218	98.5321	26.0212	98.3627	90.2072	98.9244	22.5051
/home/e1garcia/shotgun_PIRE/pire_cssl_data_processing/gazza_minuta/2nd_sequencing_run//raw_fq_capture//Gmi-ABas_035-Ex1-b-cssl2.1.fq.gz	9583212	9350943	2958235	2910814	2397857	2340223	97.5763	31.6357	98.397	82.3775	97.5964	24.42
/home/e1garcia/shotgun_PIRE/pire_cssl_data_processing/gazza_minuta/2nd_sequencing_run//raw_fq_capture//Gmi-ABas_035-Ex1-b-cssl2.2.fq.gz	9583212	9350943	2958235	2910814	2407306	2340223	97.5763	31.6357	98.397	82.7022	97.2134	24.42
/home/e1garcia/shotgun_PIRE/pire_cssl_data_processing/gazza_minuta/2nd_sequencing_run//raw_fq_capture//Gmi-ABas_036-Ex1-b-cssl.1.fq.gz	9919592	9719875	2835971	2794767	2546668	2516312	97.9866	29.177	98.5471	91.1227	98.808	25.3671
/home/e1garcia/shotgun_PIRE/pire_cssl_data_processing/gazza_minuta/2nd_sequencing_run//raw_fq_capture//Gmi-ABas_036-Ex1-b-cssl.2.fq.gz	9919592	9719875	2835971	2794767	2548609	2516312	97.9866	29.177	98.5471	91.1922	98.7328	25.3671
/home/e1garcia/shotgun_PIRE/pire_cssl_data_processing/gazza_minuta/2nd_sequencing_run//raw_fq_capture//Gmi-ABas_037-Ex1-b-cssl.1.fq.gz	13301508	13043085	3452794	3398179	3055926	3024726	98.0572	26.4722	98.4182	89.9283	98.979	22.7397
/home/e1garcia/shotgun_PIRE/pire_cssl_data_processing/gazza_minuta/2nd_sequencing_run//raw_fq_capture//Gmi-ABas_037-Ex1-b-cssl.2.fq.gz	13301508	13043085	3452794	3398179	3057130	3024726	98.0572	26.4722	98.4182	89.9638	98.9401	22.7397
/home/e1garcia/shotgun_PIRE/pire_cssl_data_processing/gazza_minuta/2nd_sequencing_run//raw_fq_capture//Gmi-ABas_038-Ex1-b-cssl.1.fq.gz	9951853	9766382	2803901	2761519	2405854	2367451	98.1363	28.7097	98.4885	87.1207	98.4038	23.789
/home/e1garcia/shotgun_PIRE/pire_cssl_data_processing/gazza_minuta/2nd_sequencing_run//raw_fq_capture//Gmi-ABas_038-Ex1-b-cssl.2.fq.gz	9951853	9766382	2803901	2761519	2409637	2367451	98.1363	28.7097	98.4885	87.2577	98.2493	23.789
/home/e1garcia/shotgun_PIRE/pire_cssl_data_processing/gazza_minuta/2nd_sequencing_run//raw_fq_capture//Gmi-ABas_039-Ex1-b-cssl.1.fq.gz	7823712	7674238	2266015	2231636	1923940	1889457	98.0895	29.5276	98.4828	86.2121	98.2077	24.1504
/home/e1garcia/shotgun_PIRE/pire_cssl_data_processing/gazza_minuta/2nd_sequencing_run//raw_fq_capture//Gmi-ABas_039-Ex1-b-cssl.2.fq.gz	7823712	7674238	2266015	2231636	1928148	1889457	98.0895	29.5276	98.4828	86.4006	97.9934	24.1504
/home/e1garcia/shotgun_PIRE/pire_cssl_data_processing/gazza_minuta/2nd_sequencing_run//raw_fq_capture//Gmi-ABas_040-Ex1-b-cssl.1.fq.gz	11109294	10925859	2751038	2704783	2442114	2414011	98.3488	25.1791	98.3186	90.2887	98.8492	21.7297
/home/e1garcia/shotgun_PIRE/pire_cssl_data_processing/gazza_minuta/2nd_sequencing_run//raw_fq_capture//Gmi-ABas_040-Ex1-b-cssl.2.fq.gz	11109294	10925859	2751038	2704783	2444411	2414011	98.3488	25.1791	98.3186	90.3736	98.7563	21.7297
/home/e1garcia/shotgun_PIRE/pire_cssl_data_processing/gazza_minuta/2nd_sequencing_run//raw_fq_capture//Gmi-ABas_041-Ex1-b-cssl.1.fq.gz	11287756	11079614	3248269	3192924	2800537	2760271	98.156	29.3175	98.2962	87.7107	98.5622	24.4537
/home/e1garcia/shotgun_PIRE/pire_cssl_data_processing/gazza_minuta/2nd_sequencing_run//raw_fq_capture//Gmi-ABas_041-Ex1-b-cssl.2.fq.gz	11287756	11079614	3248269	3192924	2803671	2760271	98.156	29.3175	98.2962	87.8089	98.452	24.4537
/home/e1garcia/shotgun_PIRE/pire_cssl_data_processing/gazza_minuta/2nd_sequencing_run//raw_fq_capture//Gmi-ABas_042-Ex1-b-cssl.1.fq.gz	8991718	8829192	2387826	2348458	2139610	2118516	98.1925	27.0447	98.3513	91.107	99.0141	23.5607
/home/e1garcia/shotgun_PIRE/pire_cssl_data_processing/gazza_minuta/2nd_sequencing_run//raw_fq_capture//Gmi-ABas_042-Ex1-b-cssl.2.fq.gz	8991718	8829192	2387826	2348458	2140967	2118516	98.1925	27.0447	98.3513	91.1648	98.9514	23.5607
/home/e1garcia/shotgun_PIRE/pire_cssl_data_processing/gazza_minuta/2nd_sequencing_run//raw_fq_capture//Gmi-ABas_043-Ex1-b-cssl.1.fq.gz	8987145	8813799	2588677	2547766	2252395	2217943	98.0712	29.3707	98.4196	88.4067	98.4704	24.6791
/home/e1garcia/shotgun_PIRE/pire_cssl_data_processing/gazza_minuta/2nd_sequencing_run//raw_fq_capture//Gmi-ABas_043-Ex1-b-cssl.2.fq.gz	8987145	8813799	2588677	2547766	2255610	2217943	98.0712	29.3707	98.4196	88.5329	98.3301	24.6791
/home/e1garcia/shotgun_PIRE/pire_cssl_data_processing/gazza_minuta/2nd_sequencing_run//raw_fq_capture//Gmi-ABas_045-Ex1-b-cssl2.1.fq.gz	16766178	16494541	7602663	7526262	7418514	7402422	98.3799	46.092	98.9951	98.5684	99.7831	44.1509
/home/e1garcia/shotgun_PIRE/pire_cssl_data_processing/gazza_minuta/2nd_sequencing_run//raw_fq_capture//Gmi-ABas_045-Ex1-b-cssl2.2.fq.gz	16766178	16494541	7602663	7526262	7417708	7402422	98.3799	46.092	98.9951	98.5577	99.7939	44.1509
/home/e1garcia/shotgun_PIRE/pire_cssl_data_processing/gazza_minuta/2nd_sequencing_run//raw_fq_capture//Gmi-ABas_046-Ex1-b-cssl.1.fq.gz	12768959	12518643	3403147	3350754	3000059	2965234	98.0397	27.1846	98.4605	89.5338	98.8392	23.2222
/home/e1garcia/shotgun_PIRE/pire_cssl_data_processing/gazza_minuta/2nd_sequencing_run//raw_fq_capture//Gmi-ABas_046-Ex1-b-cssl.2.fq.gz	12768959	12518643	3403147	3350754	3002387	2965234	98.0397	27.1846	98.4605	89.6033	98.7626	23.2222
/home/e1garcia/shotgun_PIRE/pire_cssl_data_processing/gazza_minuta/2nd_sequencing_run//raw_fq_capture//Gmi-ABas_047-Ex1-b-cssl2.1.fq.gz	9581740	9425126	2581499	2541469	2278838	2252842	98.3655	27.3895	98.4494	89.6662	98.8592	23.5118
/home/e1garcia/shotgun_PIRE/pire_cssl_data_processing/gazza_minuta/2nd_sequencing_run//raw_fq_capture//Gmi-ABas_047-Ex1-b-cssl2.2.fq.gz	9581740	9425126	2581499	2541469	2280333	2252842	98.3655	27.3895	98.4494	89.725	98.7944	23.5118
/home/e1garcia/shotgun_PIRE/pire_cssl_data_processing/gazza_minuta/2nd_sequencing_run//raw_fq_capture//Gmi-ABas_048-Ex1-b-cssl.1.fq.gz	10252711	10025549	2761968	2715996	2354695	2311509	97.7844	27.5493	98.3355	86.6973	98.166	22.5453
/home/e1garcia/shotgun_PIRE/pire_cssl_data_processing/gazza_minuta/2nd_sequencing_run//raw_fq_capture//Gmi-ABas_048-Ex1-b-cssl.2.fq.gz	10252711	10025549	2761968	2715996	2359438	2311509	97.7844	27.5493	98.3355	86.8719	97.9686	22.5453
/home/e1garcia/shotgun_PIRE/pire_cssl_data_processing/gazza_minuta/2nd_sequencing_run//raw_fq_capture//Gmi-ABas_049-Ex1-b-cssl2.1.fq.gz	21875288	21472447	9761604	9643325	9491555	9467478	98.1585	45.4611	98.7883	98.4262	99.7463	43.2793
/home/e1garcia/shotgun_PIRE/pire_cssl_data_processing/gazza_minuta/2nd_sequencing_run//raw_fq_capture//Gmi-ABas_049-Ex1-b-cssl2.2.fq.gz	21875288	21472447	9761604	9643325	9489368	9467478	98.1585	45.4611	98.7883	98.4035	99.7693	43.2793
/home/e1garcia/shotgun_PIRE/pire_cssl_data_processing/gazza_minuta/2nd_sequencing_run//raw_fq_capture//Gmi-ABas_050-Ex1-b-cssl.1.fq.gz	13990708	13703957	4102190	4023443	3537942	3487712	97.9504	29.9343	98.0804	87.9332	98.5802	24.9288
/home/e1garcia/shotgun_PIRE/pire_cssl_data_processing/gazza_minuta/2nd_sequencing_run//raw_fq_capture//Gmi-ABas_050-Ex1-b-cssl.2.fq.gz	13990708	13703957	4102190	4023443	3544529	3487712	97.9504	29.9343	98.0804	88.0969	98.3971	24.9288
/home/e1garcia/shotgun_PIRE/pire_cssl_data_processing/gazza_minuta/2nd_sequencing_run//raw_fq_capture//Gmi-ABas_051-Ex1-b-cssl.1.fq.gz	13917174	13646065	3799162	3725724	3306601	3259809	98.052	27.8407	98.067	88.7506	98.5849	23.4229
/home/e1garcia/shotgun_PIRE/pire_cssl_data_processing/gazza_minuta/2nd_sequencing_run//raw_fq_capture//Gmi-ABas_051-Ex1-b-cssl.2.fq.gz	13917174	13646065	3799162	3725724	3312779	3259809	98.052	27.8407	98.067	88.9164	98.401	23.4229
/home/e1garcia/shotgun_PIRE/pire_cssl_data_processing/gazza_minuta/2nd_sequencing_run//raw_fq_capture//Gmi-ABas_052-Ex1-b-cssl.1.fq.gz	13920797	13604202	3946963	3873722	3477325	3435414	97.7257	29.0128	98.1444	89.767	98.7947	24.6783
/home/e1garcia/shotgun_PIRE/pire_cssl_data_processing/gazza_minuta/2nd_sequencing_run//raw_fq_capture//Gmi-ABas_052-Ex1-b-cssl.2.fq.gz	13920797	13604202	3946963	3873722	3480878	3435414	97.7257	29.0128	98.1444	89.8587	98.6939	24.6783
/home/e1garcia/shotgun_PIRE/pire_cssl_data_processing/gazza_minuta/2nd_sequencing_run//raw_fq_capture//Gmi-ABas_053-Ex1-b-cssl.1.fq.gz	20830932	20472956	5071436	4974386	4532315	4494141	98.2815	24.7714	98.0863	91.1131	99.1577	21.5744
/home/e1garcia/shotgun_PIRE/pire_cssl_data_processing/gazza_minuta/2nd_sequencing_run//raw_fq_capture//Gmi-ABas_053-Ex1-b-cssl.2.fq.gz	20830932	20472956	5071436	4974386	4534987	4494141	98.2815	24.7714	98.0863	91.1668	99.0993	21.5744
/home/e1garcia/shotgun_PIRE/pire_cssl_data_processing/gazza_minuta/2nd_sequencing_run//raw_fq_capture//Gmi-ABas_055-Ex1-b-cssl2.1.fq.gz	15380971	15068233	4152332	4076067	3626396	3576219	97.9667	27.5569	98.1633	88.968	98.6163	23.2509
/home/e1garcia/shotgun_PIRE/pire_cssl_data_processing/gazza_minuta/2nd_sequencing_run//raw_fq_capture//Gmi-ABas_055-Ex1-b-cssl2.2.fq.gz	15380971	15068233	4152332	4076067	3631033	3576219	97.9667	27.5569	98.1633	89.0818	98.4904	23.2509
/home/e1garcia/shotgun_PIRE/pire_cssl_data_processing/gazza_minuta/2nd_sequencing_run//raw_fq_capture//Gmi-ABas_056-Ex1-b-cssl.1.fq.gz	15463153	15186840	3788076	3715119	3361018	3327153	98.2131	24.9431	98.074	90.4686	98.9924	21.5167
/home/e1garcia/shotgun_PIRE/pire_cssl_data_processing/gazza_minuta/2nd_sequencing_run//raw_fq_capture//Gmi-ABas_056-Ex1-b-cssl.2.fq.gz	15463153	15186840	3788076	3715119	3364122	3327153	98.2131	24.9431	98.074	90.5522	98.9011	21.5167
/home/e1garcia/shotgun_PIRE/pire_cssl_data_processing/gazza_minuta/2nd_sequencing_run//raw_fq_capture//Gmi-ABas_057-Ex1-b-cssl.1.fq.gz	15028361	14717749	4081545	4003087	3498200	3443943	97.9332	27.7321	98.0777	87.3876	98.449	22.9163
/home/e1garcia/shotgun_PIRE/pire_cssl_data_processing/gazza_minuta/2nd_sequencing_run//raw_fq_capture//Gmi-ABas_057-Ex1-b-cssl.2.fq.gz	15028361	14717749	4081545	4003087	3505959	3443943	97.9332	27.7321	98.0777	87.5814	98.2311	22.9163
/home/e1garcia/shotgun_PIRE/pire_cssl_data_processing/gazza_minuta/2nd_sequencing_run//raw_fq_capture//Gmi-ABas_058-Ex1-b-cssl2.1.fq.gz	9724950	9488549	2627362	2583412	2288696	2264052	97.5691	27.6898	98.3272	88.592	98.9232	23.2809
/home/e1garcia/shotgun_PIRE/pire_cssl_data_processing/gazza_minuta/2nd_sequencing_run//raw_fq_capture//Gmi-ABas_058-Ex1-b-cssl2.2.fq.gz	9724950	9488549	2627362	2583412	2290830	2264052	97.5691	27.6898	98.3272	88.6746	98.8311	23.2809
/home/e1garcia/shotgun_PIRE/pire_cssl_data_processing/gazza_minuta/2nd_sequencing_run//raw_fq_capture//Gmi-ABas_059-Ex1-b-cssl2.1.fq.gz	9310062	9090764	2680415	2632626	2340508	2315376	97.6445	29.485	98.2171	88.9039	98.9262	24.8696
/home/e1garcia/shotgun_PIRE/pire_cssl_data_processing/gazza_minuta/2nd_sequencing_run//raw_fq_capture//Gmi-ABas_059-Ex1-b-cssl2.2.fq.gz	9310062	9090764	2680415	2632626	2342812	2315376	97.6445	29.485	98.2171	88.9914	98.8289	24.8696
/home/e1garcia/shotgun_PIRE/pire_cssl_data_processing/gazza_minuta/2nd_sequencing_run//raw_fq_capture//Gmi-ABas_060-Ex1-b-cssl2.1.fq.gz	9535436	9340670	2891176	2845911	2608727	2589378	97.9575	30.9526	98.4344	91.6658	99.2583	27.1553
/home/e1garcia/shotgun_PIRE/pire_cssl_data_processing/gazza_minuta/2nd_sequencing_run//raw_fq_capture//Gmi-ABas_060-Ex1-b-cssl2.2.fq.gz	9535436	9340670	2891176	2845911	2610293	2589378	97.9575	30.9526	98.4344	91.7208	99.1987	27.1553
/home/e1garcia/shotgun_PIRE/pire_cssl_data_processing/gazza_minuta/2nd_sequencing_run//raw_fq_capture//Gmi-ABas_061-Ex1-b-cssl.1.fq.gz	10094307	9805857	2584153	2537570	2240180	2213912	97.1424	26.3532	98.1974	88.2805	98.8274	21.9323
/home/e1garcia/shotgun_PIRE/pire_cssl_data_processing/gazza_minuta/2nd_sequencing_run//raw_fq_capture//Gmi-ABas_061-Ex1-b-cssl.2.fq.gz	10094307	9805857	2584153	2537570	2243156	2213912	97.1424	26.3532	98.1974	88.3978	98.6963	21.9323
/home/e1garcia/shotgun_PIRE/pire_cssl_data_processing/gazza_minuta/2nd_sequencing_run//raw_fq_capture//Gmi-AHam_001-Ex1-cssl2.1.fq.gz	6670863	6538645	3739640	3701670	3208434	3172342	98.018	57.1929	98.9847	86.6753	98.8751	47.5552
/home/e1garcia/shotgun_PIRE/pire_cssl_data_processing/gazza_minuta/2nd_sequencing_run//raw_fq_capture//Gmi-AHam_001-Ex1-cssl2.2.fq.gz	6670863	6538645	3739640	3701670	3210331	3172342	98.018	57.1929	98.9847	86.7266	98.8167	47.5552
/home/e1garcia/shotgun_PIRE/pire_cssl_data_processing/gazza_minuta/2nd_sequencing_run//raw_fq_capture//Gmi-AHam_002-Ex1-cssl2.1.fq.gz	11002708	10783154	4518687	4455065	4074623	4019974	98.0045	41.9051	98.592	91.4605	98.6588	36.5362
/home/e1garcia/shotgun_PIRE/pire_cssl_data_processing/gazza_minuta/2nd_sequencing_run//raw_fq_capture//Gmi-AHam_002-Ex1-cssl2.2.fq.gz	11002708	10783154	4518687	4455065	4079559	4019974	98.0045	41.9051	98.592	91.5713	98.5394	36.5362
/home/e1garcia/shotgun_PIRE/pire_cssl_data_processing/gazza_minuta/2nd_sequencing_run//raw_fq_capture//Gmi-AHam_005-Ex1-cssl.1.fq.gz	9474323	9265955	4629420	4578314	3992471	3907647	97.8007	49.9616	98.8961	87.204	97.8754	41.2446
/home/e1garcia/shotgun_PIRE/pire_cssl_data_processing/gazza_minuta/2nd_sequencing_run//raw_fq_capture//Gmi-AHam_005-Ex1-cssl.2.fq.gz	9474323	9265955	4629420	4578314	4000560	3907647	97.8007	49.9616	98.8961	87.3806	97.6775	41.2446
/home/e1garcia/shotgun_PIRE/pire_cssl_data_processing/gazza_minuta/2nd_sequencing_run//raw_fq_capture//Gmi-AHam_006-Ex1-cssl.1.fq.gz	16644182	16365013	8399165	8323855	8096031	8061583	98.3227	51.3239	99.1034	97.263	99.5745	48.4348
/home/e1garcia/shotgun_PIRE/pire_cssl_data_processing/gazza_minuta/2nd_sequencing_run//raw_fq_capture//Gmi-AHam_006-Ex1-cssl.2.fq.gz	16644182	16365013	8399165	8323855	8097075	8061583	98.3227	51.3239	99.1034	97.2755	99.5617	48.4348
/home/e1garcia/shotgun_PIRE/pire_cssl_data_processing/gazza_minuta/2nd_sequencing_run//raw_fq_capture//Gmi-AHam_007-Ex1-cssl.1.fq.gz	27882734	27317267	13432034	13312471	12935568	12886608	97.972	49.1705	99.1099	97.1688	99.6215	46.2172
/home/e1garcia/shotgun_PIRE/pire_cssl_data_processing/gazza_minuta/2nd_sequencing_run//raw_fq_capture//Gmi-AHam_007-Ex1-cssl.2.fq.gz	27882734	27317267	13432034	13312471	12940608	12886608	97.972	49.1705	99.1099	97.2067	99.5827	46.2172
/home/e1garcia/shotgun_PIRE/pire_cssl_data_processing/gazza_minuta/2nd_sequencing_run//raw_fq_capture//Gmi-AHam_008-Ex1-cssl.1.fq.gz	17870295	17636109	9556266	9471900	9194538	9143803	98.6895	54.1858	99.1172	97.0717	99.4482	51.1676
/home/e1garcia/shotgun_PIRE/pire_cssl_data_processing/gazza_minuta/2nd_sequencing_run//raw_fq_capture//Gmi-AHam_008-Ex1-cssl.2.fq.gz	17870295	17636109	9556266	9471900	9195475	9143803	98.6895	54.1858	99.1172	97.0816	99.4381	51.1676
/home/e1garcia/shotgun_PIRE/pire_cssl_data_processing/gazza_minuta/2nd_sequencing_run//raw_fq_capture//Gmi-AHam_009-Ex1-cssl.1.fq.gz	14864931	14621573	7919737	7830293	7484630	7422975	98.3629	54.1647	98.8706	95.5856	99.1762	49.9362
/home/e1garcia/shotgun_PIRE/pire_cssl_data_processing/gazza_minuta/2nd_sequencing_run//raw_fq_capture//Gmi-AHam_009-Ex1-cssl.2.fq.gz	14864931	14621573	7919737	7830293	7484920	7422975	98.3629	54.1647	98.8706	95.5893	99.1724	49.9362
/home/e1garcia/shotgun_PIRE/pire_cssl_data_processing/gazza_minuta/2nd_sequencing_run//raw_fq_capture//Gmi-AHam_012-Ex1-cssl.1.fq.gz	12323494	12100320	6701191	6636447	6167310	6084658	98.189	55.3803	99.0338	92.9309	98.6598	49.3745
/home/e1garcia/shotgun_PIRE/pire_cssl_data_processing/gazza_minuta/2nd_sequencing_run//raw_fq_capture//Gmi-AHam_012-Ex1-cssl.2.fq.gz	12323494	12100320	6701191	6636447	6167253	6084658	98.189	55.3803	99.0338	92.93	98.6607	49.3745
/home/e1garcia/shotgun_PIRE/pire_cssl_data_processing/gazza_minuta/2nd_sequencing_run//raw_fq_capture//Gmi-AHam_013-Ex1-cssl2.1.fq.gz	9602533	9421866	3948196	3896521	3580836	3530560	98.1185	41.9046	98.6912	91.8983	98.596	36.767
/home/e1garcia/shotgun_PIRE/pire_cssl_data_processing/gazza_minuta/2nd_sequencing_run//raw_fq_capture//Gmi-AHam_013-Ex1-cssl2.2.fq.gz	9602533	9421866	3948196	3896521	3583222	3530560	98.1185	41.9046	98.6912	91.9595	98.5303	36.767
/home/e1garcia/shotgun_PIRE/pire_cssl_data_processing/gazza_minuta/2nd_sequencing_run//raw_fq_capture//Gmi-AHam_015-Ex1-cssl2.1.fq.gz	6669801	6530497	3477888	3437723	2646526	2592167	97.9114	53.2561	98.8451	76.9849	97.946	38.8642
/home/e1garcia/shotgun_PIRE/pire_cssl_data_processing/gazza_minuta/2nd_sequencing_run//raw_fq_capture//Gmi-AHam_015-Ex1-cssl2.2.fq.gz	6669801	6530497	3477888	3437723	2658230	2592167	97.9114	53.2561	98.8451	77.3253	97.5148	38.8642
/home/e1garcia/shotgun_PIRE/pire_cssl_data_processing/gazza_minuta/2nd_sequencing_run//raw_fq_capture//Gmi-AHam_016-Ex1-cssl2.1.fq.gz	9414499	9214986	5477366	5430176	5243034	5223883	97.8808	59.4398	99.1385	96.5537	99.6347	55.4876
/home/e1garcia/shotgun_PIRE/pire_cssl_data_processing/gazza_minuta/2nd_sequencing_run//raw_fq_capture//Gmi-AHam_016-Ex1-cssl2.2.fq.gz	9414499	9214986	5477366	5430176	5243567	5223883	97.8808	59.4398	99.1385	96.5635	99.6246	55.4876
/home/e1garcia/shotgun_PIRE/pire_cssl_data_processing/gazza_minuta/2nd_sequencing_run//raw_fq_capture//Gmi-AHam_019-Ex1-cssl.1.fq.gz	10370576	10224008	5823307	5773207	5405405	5339070	98.5867	56.9572	99.1397	93.6292	98.7728	51.4829
/home/e1garcia/shotgun_PIRE/pire_cssl_data_processing/gazza_minuta/2nd_sequencing_run//raw_fq_capture//Gmi-AHam_019-Ex1-cssl.2.fq.gz	10370576	10224008	5823307	5773207	5405254	5339070	98.5867	56.9572	99.1397	93.6265	98.7756	51.4829
/home/e1garcia/shotgun_PIRE/pire_cssl_data_processing/gazza_minuta/2nd_sequencing_run//raw_fq_capture//Gmi-AHam_020-Ex1-cssl.1.fq.gz	13165664	12993191	7091608	7025931	6664868	6594361	98.69	54.5794	99.0739	94.861	98.9421	50.0876
/home/e1garcia/shotgun_PIRE/pire_cssl_data_processing/gazza_minuta/2nd_sequencing_run//raw_fq_capture//Gmi-AHam_020-Ex1-cssl.2.fq.gz	13165664	12993191	7091608	7025931	6664346	6594361	98.69	54.5794	99.0739	94.8536	98.9499	50.0876
/home/e1garcia/shotgun_PIRE/pire_cssl_data_processing/gazza_minuta/2nd_sequencing_run//raw_fq_capture//Gmi-AHam_021-Ex1-cssl.1.fq.gz	12816638	12615289	7022259	6950524	6499883	6418447	98.429	55.6647	98.9785	93.5164	98.7471	50.079
/home/e1garcia/shotgun_PIRE/pire_cssl_data_processing/gazza_minuta/2nd_sequencing_run//raw_fq_capture//Gmi-AHam_021-Ex1-cssl.2.fq.gz	12816638	12615289	7022259	6950524	6501759	6418447	98.429	55.6647	98.9785	93.5434	98.7186	50.079
/home/e1garcia/shotgun_PIRE/pire_cssl_data_processing/gazza_minuta/2nd_sequencing_run//raw_fq_capture//Gmi-AHam_022-Ex1-cssl.1.fq.gz	7745933	7602354	4663454	4620063	4317534	4263799	98.1464	61.3422	99.0696	93.4518	98.7554	55.0456
/home/e1garcia/shotgun_PIRE/pire_cssl_data_processing/gazza_minuta/2nd_sequencing_run//raw_fq_capture//Gmi-AHam_022-Ex1-cssl.2.fq.gz	7745933	7602354	4663454	4620063	4318432	4263799	98.1464	61.3422	99.0696	93.4713	98.7349	55.0456
/home/e1garcia/shotgun_PIRE/pire_cssl_data_processing/gazza_minuta/2nd_sequencing_run//raw_fq_capture//Gmi-AHam_023-Ex1-cssl.1.fq.gz	11754281	11506411	5377978	5313933	4707053	4614501	97.8912	46.739	98.8091	88.5795	98.0338	39.258
/home/e1garcia/shotgun_PIRE/pire_cssl_data_processing/gazza_minuta/2nd_sequencing_run//raw_fq_capture//Gmi-AHam_023-Ex1-cssl.2.fq.gz	11754281	11506411	5377978	5313933	4713951	4614501	97.8912	46.739	98.8091	88.7093	97.8903	39.258
/home/e1garcia/shotgun_PIRE/pire_cssl_data_processing/gazza_minuta/2nd_sequencing_run//raw_fq_capture//Gmi-AHam_024-Ex1-cssl.1.fq.gz	19225101	18832043	10240497	10148910	9864193	9818208	97.9555	54.378	99.1056	97.1946	99.5338	51.0697
/home/e1garcia/shotgun_PIRE/pire_cssl_data_processing/gazza_minuta/2nd_sequencing_run//raw_fq_capture//Gmi-AHam_024-Ex1-cssl.2.fq.gz	19225101	18832043	10240497	10148910	9864760	9818208	97.9555	54.378	99.1056	97.2002	99.5281	51.0697
/home/e1garcia/shotgun_PIRE/pire_cssl_data_processing/gazza_minuta/2nd_sequencing_run//raw_fq_capture//Gmi-AHam_025-Ex1-cssl.1.fq.gz	6866547	6749826	4132160	4094829	3865035	3820658	98.3001	61.2188	99.0966	94.3882	98.8518	55.6416
/home/e1garcia/shotgun_PIRE/pire_cssl_data_processing/gazza_minuta/2nd_sequencing_run//raw_fq_capture//Gmi-AHam_025-Ex1-cssl.2.fq.gz	6866547	6749826	4132160	4094829	3865572	3820658	98.3001	61.2188	99.0966	94.4013	98.8381	55.6416
/home/e1garcia/shotgun_PIRE/pire_cssl_data_processing/gazza_minuta/2nd_sequencing_run//raw_fq_capture//Gmi-AHam_034-Ex1-cssl.1.fq.gz	18163442	17735927	9968539	9870311	9378836	9317049	97.6463	56.2053	99.0146	95.0207	99.3412	51.2956
/home/e1garcia/shotgun_PIRE/pire_cssl_data_processing/gazza_minuta/2nd_sequencing_run//raw_fq_capture//Gmi-AHam_034-Ex1-cssl.2.fq.gz	18163442	17735927	9968539	9870311	9388636	9317049	97.6463	56.2053	99.0146	95.12	99.2375	51.2956
/home/e1garcia/shotgun_PIRE/pire_cssl_data_processing/gazza_minuta/2nd_sequencing_run//raw_fq_capture//Gmi-AHam_036-Ex1-cssl.1.fq.gz	13368059	13119544	6918177	6851826	6606574	6566007	98.141	52.7318	99.0409	96.4206	99.386	49.1171
/home/e1garcia/shotgun_PIRE/pire_cssl_data_processing/gazza_minuta/2nd_sequencing_run//raw_fq_capture//Gmi-AHam_036-Ex1-cssl.2.fq.gz	13368059	13119544	6918177	6851826	6607689	6566007	98.141	52.7318	99.0409	96.4369	99.3692	49.1171
/home/e1garcia/shotgun_PIRE/pire_cssl_data_processing/gazza_minuta/2nd_sequencing_run//raw_fq_capture//Gmi-AHam_038-Ex1-cssl.1.fq.gz	5602191	5496754	3370373	3339872	3118414	3080426	98.1179	61.3157	99.095	93.3693	98.7818	54.9861
/home/e1garcia/shotgun_PIRE/pire_cssl_data_processing/gazza_minuta/2nd_sequencing_run//raw_fq_capture//Gmi-AHam_038-Ex1-cssl.2.fq.gz	5602191	5496754	3370373	3339872	3119206	3080426	98.1179	61.3157	99.095	93.393	98.7567	54.9861
/home/e1garcia/shotgun_PIRE/pire_cssl_data_processing/gazza_minuta/2nd_sequencing_run//raw_fq_capture//Gmi-AHam_040-Ex1-cssl.1.fq.gz	22005562	21668710	11262129	11135026	10851773	10805099	98.4692	51.9742	98.8714	97.4562	99.5699	49.1017
/home/e1garcia/shotgun_PIRE/pire_cssl_data_processing/gazza_minuta/2nd_sequencing_run//raw_fq_capture//Gmi-AHam_040-Ex1-cssl.2.fq.gz	22005562	21668710	11262129	11135026	10852229	10805099	98.4692	51.9742	98.8714	97.4603	99.5657	49.1017
/home/e1garcia/shotgun_PIRE/pire_cssl_data_processing/gazza_minuta/2nd_sequencing_run//raw_fq_capture//Gmi-AHam_043-Ex1-cssl.1.fq.gz	12559697	12403291	6758810	6698621	6490988	6455769	98.7547	54.4921	99.1095	96.9004	99.4574	51.4007
/home/e1garcia/shotgun_PIRE/pire_cssl_data_processing/gazza_minuta/2nd_sequencing_run//raw_fq_capture//Gmi-AHam_043-Ex1-cssl.2.fq.gz	12559697	12403291	6758810	6698621	6491204	6455769	98.7547	54.4921	99.1095	96.9036	99.4541	51.4007
/home/e1garcia/shotgun_PIRE/pire_cssl_data_processing/gazza_minuta/2nd_sequencing_run//raw_fq_capture//Gmi-AHam_044-Ex1-cssl.1.fq.gz	18499066	18188586	9531175	9447861	9151243	9110698	98.3216	52.402	99.1259	96.8605	99.5569	49.2495
/home/e1garcia/shotgun_PIRE/pire_cssl_data_processing/gazza_minuta/2nd_sequencing_run//raw_fq_capture//Gmi-AHam_044-Ex1-cssl.2.fq.gz	18499066	18188586	9531175	9447861	9151810	9110698	98.3216	52.402	99.1259	96.8665	99.5508	49.2495
/home/e1garcia/shotgun_PIRE/pire_cssl_data_processing/gazza_minuta/2nd_sequencing_run//raw_fq_capture//Gmi-AHam_045-Ex1-cssl.1.fq.gz	26977031	26490343	13772077	13631362	13175845	13098546	98.1959	51.989	98.9783	96.6583	99.4133	48.5544
/home/e1garcia/shotgun_PIRE/pire_cssl_data_processing/gazza_minuta/2nd_sequencing_run//raw_fq_capture//Gmi-AHam_045-Ex1-cssl.2.fq.gz	26977031	26490343	13772077	13631362	13175711	13098546	98.1959	51.989	98.9783	96.6573	99.4143	48.5544
/home/e1garcia/shotgun_PIRE/pire_cssl_data_processing/gazza_minuta/2nd_sequencing_run//raw_fq_capture//Gmi-AHam_046-Ex1-cssl.1.fq.gz	19812951	19452085	10641427	10543980	10211101	10152364	98.1786	54.7058	99.0843	96.8429	99.4248	51.241
/home/e1garcia/shotgun_PIRE/pire_cssl_data_processing/gazza_minuta/2nd_sequencing_run//raw_fq_capture//Gmi-AHam_046-Ex1-cssl.2.fq.gz	19812951	19452085	10641427	10543980	10211205	10152364	98.1786	54.7058	99.0843	96.8439	99.4238	51.241
/home/e1garcia/shotgun_PIRE/pire_cssl_data_processing/gazza_minuta/2nd_sequencing_run//raw_fq_capture//Gmi-AHam_047-Ex1-cssl.1.fq.gz	19437425	19100260	10929097	10830680	10593321	10548633	98.2654	57.2196	99.0995	97.8085	99.5781	54.2697
/home/e1garcia/shotgun_PIRE/pire_cssl_data_processing/gazza_minuta/2nd_sequencing_run//raw_fq_capture//Gmi-AHam_047-Ex1-cssl.2.fq.gz	19437425	19100260	10929097	10830680	10593198	10548633	98.2654	57.2196	99.0995	97.8073	99.5793	54.2697
/home/e1garcia/shotgun_PIRE/pire_cssl_data_processing/gazza_minuta/2nd_sequencing_run//raw_fq_capture//Gmi-AHam_048-Ex1-cssl.1.fq.gz	25605864	25092384	12694141	12577540	12352969	12326209	97.9947	50.5896	99.0815	98.2145	99.7834	48.1382
/home/e1garcia/shotgun_PIRE/pire_cssl_data_processing/gazza_minuta/2nd_sequencing_run//raw_fq_capture//Gmi-AHam_048-Ex1-cssl.2.fq.gz	25605864	25092384	12694141	12577540	12355420	12326209	97.9947	50.5896	99.0815	98.234	99.7636	48.1382
/home/e1garcia/shotgun_PIRE/pire_cssl_data_processing/gazza_minuta/2nd_sequencing_run//raw_fq_capture//Gmi-AHam_049-Ex1-cssl.1.fq.gz	13155001	12857431	6834719	6772592	6620051	6602548	97.738	53.1577	99.091	97.7477	99.7356	50.1904
/home/e1garcia/shotgun_PIRE/pire_cssl_data_processing/gazza_minuta/2nd_sequencing_run//raw_fq_capture//Gmi-AHam_049-Ex1-cssl.2.fq.gz	13155001	12857431	6834719	6772592	6621874	6602548	97.738	53.1577	99.091	97.7746	99.7081	50.1904
/home/e1garcia/shotgun_PIRE/pire_cssl_data_processing/gazza_minuta/2nd_sequencing_run//raw_fq_capture//Gmi-AHam_050-Ex1-cssl.1.fq.gz	7637376	7493530	4513777	4471801	4162060	4106356	98.1166	60.2357	99.07	93.0735	98.6616	53.7666
/home/e1garcia/shotgun_PIRE/pire_cssl_data_processing/gazza_minuta/2nd_sequencing_run//raw_fq_capture//Gmi-AHam_050-Ex1-cssl.2.fq.gz	7637376	7493530	4513777	4471801	4164392	4106356	98.1166	60.2357	99.07	93.1256	98.6064	53.7666
/home/e1garcia/shotgun_PIRE/pire_cssl_data_processing/gazza_minuta/2nd_sequencing_run//raw_fq_capture//Gmi-AHam_051-Ex1-cssl.1.fq.gz	13933360	13677790	7605542	7526571	7268833	7219171	98.1658	55.6051	98.9617	96.5756	99.3168	51.8121
/home/e1garcia/shotgun_PIRE/pire_cssl_data_processing/gazza_minuta/2nd_sequencing_run//raw_fq_capture//Gmi-AHam_051-Ex1-cssl.2.fq.gz	13933360	13677790	7605542	7526571	7268069	7219171	98.1658	55.6051	98.9617	96.5655	99.3272	51.8121
/home/e1garcia/shotgun_PIRE/pire_cssl_data_processing/gazza_minuta/2nd_sequencing_run//raw_fq_capture//Gmi-AHam_052-Ex1-cssl.1.fq.gz	8506526	8255295	4070612	4015305	3473343	3394132	97.0466	49.3091	98.6413	86.5026	97.7195	39.9003
/home/e1garcia/shotgun_PIRE/pire_cssl_data_processing/gazza_minuta/2nd_sequencing_run//raw_fq_capture//Gmi-AHam_052-Ex1-cssl.2.fq.gz	8506526	8255295	4070612	4015305	3486864	3394132	97.0466	49.3091	98.6413	86.8393	97.3405	39.9003
/home/e1garcia/shotgun_PIRE/pire_cssl_data_processing/gazza_minuta/2nd_sequencing_run//raw_fq_capture//Gmi-AHam_053-Ex1-cssl.1.fq.gz	8984378	8758660	4992481	4949530	4687409	4641612	97.4877	57.0005	99.1397	94.7041	99.023	51.6631
/home/e1garcia/shotgun_PIRE/pire_cssl_data_processing/gazza_minuta/2nd_sequencing_run//raw_fq_capture//Gmi-AHam_053-Ex1-cssl.2.fq.gz	8984378	8758660	4992481	4949530	4688012	4641612	97.4877	57.0005	99.1397	94.7163	99.0102	51.6631
/home/e1garcia/shotgun_PIRE/pire_cssl_data_processing/gazza_minuta/2nd_sequencing_run//raw_fq_capture//Gmi-AHam_054-Ex1-cssl.1.fq.gz	7328557	7200292	4495481	4459558	4207007	4156397	98.2498	62.4347	99.2009	94.3369	98.797	56.7151
/home/e1garcia/shotgun_PIRE/pire_cssl_data_processing/gazza_minuta/2nd_sequencing_run//raw_fq_capture//Gmi-AHam_054-Ex1-cssl.2.fq.gz	7328557	7200292	4495481	4459558	4207964	4156397	98.2498	62.4347	99.2009	94.3583	98.7745	56.7151
/home/e1garcia/shotgun_PIRE/pire_cssl_data_processing/gazza_minuta/2nd_sequencing_run//raw_fq_capture//Gmi-AHam_056-Ex1-cssl.1.fq.gz	13331548	13053311	7032137	6962475	6607409	6547785	97.9129	53.8724	99.0094	94.9003	99.0976	49.115
/home/e1garcia/shotgun_PIRE/pire_cssl_data_processing/gazza_minuta/2nd_sequencing_run//raw_fq_capture//Gmi-AHam_056-Ex1-cssl.2.fq.gz	13331548	13053311	7032137	6962475	6610003	6547785	97.9129	53.8724	99.0094	94.9375	99.0587	49.115
/home/e1garcia/shotgun_PIRE/pire_cssl_data_processing/gazza_minuta/2nd_sequencing_run//raw_fq_capture//Gmi-AHam_057-Ex1-cssl.1.fq.gz	23015260	22643541	11678354	11543402	11138530	11077690	98.3849	51.5748	98.8444	96.4926	99.4538	48.1319
/home/e1garcia/shotgun_PIRE/pire_cssl_data_processing/gazza_minuta/2nd_sequencing_run//raw_fq_capture//Gmi-AHam_057-Ex1-cssl.2.fq.gz	23015260	22643541	11678354	11543402	11139540	11077690	98.3849	51.5748	98.8444	96.5014	99.4448	48.1319
/home/e1garcia/shotgun_PIRE/pire_cssl_data_processing/gazza_minuta/2nd_sequencing_run//raw_fq_capture//Gmi-AHam_058-Ex1-cssl.1.fq.gz	14912281	14643929	8314414	8226320	7898880	7845061	98.2005	56.7772	98.9405	96.0196	99.3187	52.6081
/home/e1garcia/shotgun_PIRE/pire_cssl_data_processing/gazza_minuta/2nd_sequencing_run//raw_fq_capture//Gmi-AHam_058-Ex1-cssl.2.fq.gz	14912281	14643929	8314414	8226320	7898642	7845061	98.2005	56.7772	98.9405	96.0167	99.3216	52.6081
/home/e1garcia/shotgun_PIRE/pire_cssl_data_processing/gazza_minuta/2nd_sequencing_run//raw_fq_capture//Gmi-AHam_059-Ex1-cssl.1.fq.gz	19000831	18689077	9780443	9691595	9261386	9190941	98.3593	52.3324	99.0916	95.561	99.2394	48.3713
/home/e1garcia/shotgun_PIRE/pire_cssl_data_processing/gazza_minuta/2nd_sequencing_run//raw_fq_capture//Gmi-AHam_059-Ex1-cssl.2.fq.gz	19000831	18689077	9780443	9691595	9270527	9190941	98.3593	52.3324	99.0916	95.6553	99.1415	48.3713
/home/e1garcia/shotgun_PIRE/pire_cssl_data_processing/gazza_minuta/2nd_sequencing_run//raw_fq_capture//Gmi-AHam_061-Ex1-cssl.1.fq.gz	16775724	16476094	8982810	8893986	8578018	8531028	98.2139	54.5203	99.0112	96.4474	99.4522	50.8534
/home/e1garcia/shotgun_PIRE/pire_cssl_data_processing/gazza_minuta/2nd_sequencing_run//raw_fq_capture//Gmi-AHam_061-Ex1-cssl.2.fq.gz	16775724	16476094	8982810	8893986	8581824	8531028	98.2139	54.5203	99.0112	96.4902	99.4081	50.8534
/home/e1garcia/shotgun_PIRE/pire_cssl_data_processing/gazza_minuta/2nd_sequencing_run//raw_fq_capture//Gmi-AHam_062-Ex1-cssl.1.fq.gz	7327086	7112445	4006136	3964299	3662358	3612843	97.0706	56.3257	98.9557	92.3835	98.648	49.308
/home/e1garcia/shotgun_PIRE/pire_cssl_data_processing/gazza_minuta/2nd_sequencing_run//raw_fq_capture//Gmi-AHam_062-Ex1-cssl.2.fq.gz	7327086	7112445	4006136	3964299	3664070	3612843	97.0706	56.3257	98.9557	92.4267	98.6019	49.308
/home/e1garcia/shotgun_PIRE/pire_cssl_data_processing/gazza_minuta/2nd_sequencing_run//raw_fq_capture//Gmi-AHam_063-Ex1-cssl.1.fq.gz	13516901	13293135	7437687	7359939	6979041	6922963	98.3445	55.9513	98.9547	94.8247	99.1965	51.2171
/home/e1garcia/shotgun_PIRE/pire_cssl_data_processing/gazza_minuta/2nd_sequencing_run//raw_fq_capture//Gmi-AHam_063-Ex1-cssl.2.fq.gz	13516901	13293135	7437687	7359939	6980932	6922963	98.3445	55.9513	98.9547	94.8504	99.1696	51.2171
/home/e1garcia/shotgun_PIRE/pire_cssl_data_processing/gazza_minuta/2nd_sequencing_run//raw_fq_capture//Gmi-AHam_064-Ex1-cssl.1.fq.gz	14099234	13798868	7748977	7672321	7374743	7326218	97.8696	56.1566	99.0108	96.1214	99.342	51.9618
/home/e1garcia/shotgun_PIRE/pire_cssl_data_processing/gazza_minuta/2nd_sequencing_run//raw_fq_capture//Gmi-AHam_064-Ex1-cssl.2.fq.gz	14099234	13798868	7748977	7672321	7377086	7326218	97.8696	56.1566	99.0108	96.1519	99.3105	51.9618
/home/e1garcia/shotgun_PIRE/pire_cssl_data_processing/gazza_minuta/2nd_sequencing_run//raw_fq_capture//Gmi-AHam_066-Ex1-cssl.1.fq.gz	11870881	11613009	6643002	6578844	6339705	6300598	97.8277	57.2031	99.0342	96.365	99.3831	53.0761
/home/e1garcia/shotgun_PIRE/pire_cssl_data_processing/gazza_minuta/2nd_sequencing_run//raw_fq_capture//Gmi-AHam_066-Ex1-cssl.2.fq.gz	11870881	11613009	6643002	6578844	6340198	6300598	97.8277	57.2031	99.0342	96.3725	99.3754	53.0761
/home/e1garcia/shotgun_PIRE/pire_cssl_data_processing/gazza_minuta/2nd_sequencing_run//raw_fq_capture//Gmi-AHam_067-Ex1-cssl.1.fq.gz	33104464	32654676	16957518	16796724	16423157	16360678	98.6413	51.9298	99.0518	97.776	99.6196	49.4214
/home/e1garcia/shotgun_PIRE/pire_cssl_data_processing/gazza_minuta/2nd_sequencing_run//raw_fq_capture//Gmi-AHam_067-Ex1-cssl.2.fq.gz	33104464	32654676	16957518	16796724	16424412	16360678	98.6413	51.9298	99.0518	97.7834	99.612	49.4214
/home/e1garcia/shotgun_PIRE/pire_cssl_data_processing/gazza_minuta/2nd_sequencing_run//raw_fq_capture//Gmi-AHam_068-Ex1-cssl.1.fq.gz	19963056	19495753	10024570	9920003	9637366	9598455	97.6592	51.4193	98.9569	97.1508	99.5962	48.0811
/home/e1garcia/shotgun_PIRE/pire_cssl_data_processing/gazza_minuta/2nd_sequencing_run//raw_fq_capture//Gmi-AHam_068-Ex1-cssl.2.fq.gz	19963056	19495753	10024570	9920003	9640642	9598455	97.6592	51.4193	98.9569	97.1839	99.5624	48.0811
/home/e1garcia/shotgun_PIRE/pire_cssl_data_processing/gazza_minuta/2nd_sequencing_run//raw_fq_capture//Gmi-AHam_069-Ex1-cssl.1.fq.gz	18837711	18507635	9663267	9577922	9282950	9239802	98.2478	52.2123	99.1168	96.9203	99.5352	49.0495
/home/e1garcia/shotgun_PIRE/pire_cssl_data_processing/gazza_minuta/2nd_sequencing_run//raw_fq_capture//Gmi-AHam_069-Ex1-cssl.2.fq.gz	18837711	18507635	9663267	9577922	9284246	9239802	98.2478	52.2123	99.1168	96.9338	99.5213	49.0495
/home/e1garcia/shotgun_PIRE/pire_cssl_data_processing/gazza_minuta/2nd_sequencing_run//raw_fq_capture//Gmi-AHam_070-Ex1-cssl.1.fq.gz	16465219	16207575	9022428	8929546	8657848	8609222	98.4352	55.668	98.9705	96.9573	99.4384	52.2873
/home/e1garcia/shotgun_PIRE/pire_cssl_data_processing/gazza_minuta/2nd_sequencing_run//raw_fq_capture//Gmi-AHam_070-Ex1-cssl.2.fq.gz	16465219	16207575	9022428	8929546	8657078	8609222	98.4352	55.668	98.9705	96.9487	99.4472	52.2873
/home/e1garcia/shotgun_PIRE/pire_cssl_data_processing/gazza_minuta/2nd_sequencing_run//raw_fq_capture//Gmi-AHam_071-Ex1-cssl.1.fq.gz	10532243	10278816	4722879	4660723	3754306	3629474	97.5938	45.9477	98.6839	80.552	96.675	34.4606
/home/e1garcia/shotgun_PIRE/pire_cssl_data_processing/gazza_minuta/2nd_sequencing_run//raw_fq_capture//Gmi-AHam_071-Ex1-cssl.2.fq.gz	10532243	10278816	4722879	4660723	3773916	3629474	97.5938	45.9477	98.6839	80.9728	96.1726	34.4606
/home/e1garcia/shotgun_PIRE/pire_cssl_data_processing/gazza_minuta/2nd_sequencing_run//raw_fq_capture//Gmi-AHam_072-Ex1-cssl.1.fq.gz	28597785	28172619	14745995	14598953	14312926	14266072	98.5133	52.3416	99.0028	98.0408	99.6726	49.8852
/home/e1garcia/shotgun_PIRE/pire_cssl_data_processing/gazza_minuta/2nd_sequencing_run//raw_fq_capture//Gmi-AHam_072-Ex1-cssl.2.fq.gz	28597785	28172619	14745995	14598953	14313355	14266072	98.5133	52.3416	99.0028	98.0437	99.6697	49.8852
/home/e1garcia/shotgun_PIRE/pire_cssl_data_processing/gazza_minuta/2nd_sequencing_run//raw_fq_capture//Gmi-AHam_073-Ex1-cssl.1.fq.gz	11556954	11363744	6338500	6285264	6005319	5961805	98.3282	55.7783	99.1601	95.546	99.2754	51.5863
/home/e1garcia/shotgun_PIRE/pire_cssl_data_processing/gazza_minuta/2nd_sequencing_run//raw_fq_capture//Gmi-AHam_073-Ex1-cssl.2.fq.gz	11556954	11363744	6338500	6285264	6007637	5961805	98.3282	55.7783	99.1601	95.5829	99.2371	51.5863
/home/e1garcia/shotgun_PIRE/pire_cssl_data_processing/gazza_minuta/2nd_sequencing_run//raw_fq_capture//Gmi-AHam_074-Ex1-cssl2.1.fq.gz	7114895	6971264	3979882	3941336	3831705	3813750	97.9813	57.0898	99.0315	97.2184	99.5314	53.6023
/home/e1garcia/shotgun_PIRE/pire_cssl_data_processing/gazza_minuta/2nd_sequencing_run//raw_fq_capture//Gmi-AHam_074-Ex1-cssl2.2.fq.gz	7114895	6971264	3979882	3941336	3832813	3813750	97.9813	57.0898	99.0315	97.2465	99.5026	53.6023
/home/e1garcia/shotgun_PIRE/pire_cssl_data_processing/gazza_minuta/2nd_sequencing_run//raw_fq_capture//Gmi-AHam_075-Ex1-cssl.1.fq.gz	20184328	19875893	10976593	10871843	10582987	10529416	98.4719	55.2257	99.0457	97.3431	99.4938	52.1663
/home/e1garcia/shotgun_PIRE/pire_cssl_data_processing/gazza_minuta/2nd_sequencing_run//raw_fq_capture//Gmi-AHam_075-Ex1-cssl.2.fq.gz	20184328	19875893	10976593	10871843	10581834	10529416	98.4719	55.2257	99.0457	97.3325	99.5046	52.1663
/home/e1garcia/shotgun_PIRE/pire_cssl_data_processing/gazza_minuta/2nd_sequencing_run//raw_fq_capture//Gmi-AHam_076-Ex1-cssl.1.fq.gz	20824270	20476916	11067061	10961146	10568959	10503260	98.332	54.0465	99.043	96.422	99.3784	50.4376
/home/e1garcia/shotgun_PIRE/pire_cssl_data_processing/gazza_minuta/2nd_sequencing_run//raw_fq_capture//Gmi-AHam_076-Ex1-cssl.2.fq.gz	20824270	20476916	11067061	10961146	10569996	10503260	98.332	54.0465	99.043	96.4315	99.3686	50.4376
/home/e1garcia/shotgun_PIRE/pire_cssl_data_processing/gazza_minuta/2nd_sequencing_run//raw_fq_capture//Gmi-AHam_077-Ex1-cssl.1.fq.gz	15252298	14994353	8030697	7962962	7350188	7297502	98.3088	53.5581	99.1565	92.3047	99.2832	47.8453
/home/e1garcia/shotgun_PIRE/pire_cssl_data_processing/gazza_minuta/2nd_sequencing_run//raw_fq_capture//Gmi-AHam_077-Ex1-cssl.2.fq.gz	15252298	14994353	8030697	7962962	7353448	7297502	98.3088	53.5581	99.1565	92.3456	99.2392	47.8453
/home/e1garcia/shotgun_PIRE/pire_cssl_data_processing/gazza_minuta/2nd_sequencing_run//raw_fq_capture//Gmi-AHam_080-Ex1-cssl.1.fq.gz	14541359	14272584	7985390	7901772	7643612	7599711	98.1517	55.9492	98.9529	96.7329	99.4257	52.2627
/home/e1garcia/shotgun_PIRE/pire_cssl_data_processing/gazza_minuta/2nd_sequencing_run//raw_fq_capture//Gmi-AHam_080-Ex1-cssl.2.fq.gz	14541359	14272584	7985390	7901772	7646394	7599711	98.1517	55.9492	98.9529	96.7681	99.3895	52.2627
/home/e1garcia/shotgun_PIRE/pire_cssl_data_processing/gazza_minuta/2nd_sequencing_run//raw_fq_capture//Gmi-AHam_081-Ex1-cssl.1.fq.gz	12772159	12499863	6978117	6914524	6693026	6656740	97.8681	55.8255	99.0887	96.7966	99.4579	52.1191
/home/e1garcia/shotgun_PIRE/pire_cssl_data_processing/gazza_minuta/2nd_sequencing_run//raw_fq_capture//Gmi-AHam_081-Ex1-cssl.2.fq.gz	12772159	12499863	6978117	6914524	6693001	6656740	97.8681	55.8255	99.0887	96.7963	99.4582	52.1191
/home/e1garcia/shotgun_PIRE/pire_cssl_data_processing/gazza_minuta/2nd_sequencing_run//raw_fq_capture//Gmi-AHam_082-Ex1-cssl.1.fq.gz	14820028	14583263	7962899	7884145	7645802	7606249	98.4024	54.603	99.011	96.9769	99.4827	51.3241
/home/e1garcia/shotgun_PIRE/pire_cssl_data_processing/gazza_minuta/2nd_sequencing_run//raw_fq_capture//Gmi-AHam_082-Ex1-cssl.2.fq.gz	14820028	14583263	7962899	7884145	7645390	7606249	98.4024	54.603	99.011	96.9717	99.488	51.3241
/home/e1garcia/shotgun_PIRE/pire_cssl_data_processing/gazza_minuta/2nd_sequencing_run//raw_fq_capture//Gmi-AHam_084-Ex1-cssl.1.fq.gz	16146587	15902618	8576305	8485498	8193551	8142272	98.489	53.9301	98.9412	96.5595	99.3742	50.4272
/home/e1garcia/shotgun_PIRE/pire_cssl_data_processing/gazza_minuta/2nd_sequencing_run//raw_fq_capture//Gmi-AHam_084-Ex1-cssl.2.fq.gz	16146587	15902618	8576305	8485498	8193097	8142272	98.489	53.9301	98.9412	96.5541	99.3797	50.4272
/home/e1garcia/shotgun_PIRE/pire_cssl_data_processing/gazza_minuta/2nd_sequencing_run//raw_fq_capture//Gmi-AHam_086-Ex1-cssl.1.fq.gz	13748397	13490061	7325334	7258661	6961725	6916954	98.121	54.3017	99.0898	95.9092	99.3569	50.311
/home/e1garcia/shotgun_PIRE/pire_cssl_data_processing/gazza_minuta/2nd_sequencing_run//raw_fq_capture//Gmi-AHam_086-Ex1-cssl.2.fq.gz	13748397	13490061	7325334	7258661	6962152	6916954	98.121	54.3017	99.0898	95.9151	99.3508	50.311
/home/e1garcia/shotgun_PIRE/pire_cssl_data_processing/gazza_minuta/2nd_sequencing_run//raw_fq_capture//Gmi-AHam_087-Ex1-cssl.1.fq.gz	20398551	20090736	11199166	11082978	10666786	10596010	98.491	55.7429	98.9625	96.2448	99.3365	51.9449
/home/e1garcia/shotgun_PIRE/pire_cssl_data_processing/gazza_minuta/2nd_sequencing_run//raw_fq_capture//Gmi-AHam_087-Ex1-cssl.2.fq.gz	20398551	20090736	11199166	11082978	10665727	10596010	98.491	55.7429	98.9625	96.2352	99.3463	51.9449
/home/e1garcia/shotgun_PIRE/pire_cssl_data_processing/gazza_minuta/2nd_sequencing_run//raw_fq_capture//Gmi-AHam_088-Ex1-cssl.1.fq.gz	12122797	11916993	6835285	6774395	6530829	6486111	98.3023	57.3575	99.1092	96.4046	99.3153	53.5034
/home/e1garcia/shotgun_PIRE/pire_cssl_data_processing/gazza_minuta/2nd_sequencing_run//raw_fq_capture//Gmi-AHam_088-Ex1-cssl.2.fq.gz	12122797	11916993	6835285	6774395	6530295	6486111	98.3023	57.3575	99.1092	96.3967	99.3234	53.5034
/home/e1garcia/shotgun_PIRE/pire_cssl_data_processing/gazza_minuta/2nd_sequencing_run//raw_fq_capture//Gmi-AHam_090-Ex1-cssl.1.fq.gz	10963999	10775104	6126152	6069543	5838855	5798113	98.2771	56.8547	99.0759	96.1993	99.3022	52.8832
/home/e1garcia/shotgun_PIRE/pire_cssl_data_processing/gazza_minuta/2nd_sequencing_run//raw_fq_capture//Gmi-AHam_090-Ex1-cssl.2.fq.gz	10963999	10775104	6126152	6069543	5839307	5798113	98.2771	56.8547	99.0759	96.2067	99.2945	52.8832
/home/e1garcia/shotgun_PIRE/pire_cssl_data_processing/gazza_minuta/2nd_sequencing_run//raw_fq_capture//Gmi-AHam_091-Ex1-cssl.1.fq.gz	12473510	12283125	4775979	4713891	4264847	4201003	98.4737	38.8824	98.7	90.474	98.503	33.6794
/home/e1garcia/shotgun_PIRE/pire_cssl_data_processing/gazza_minuta/2nd_sequencing_run//raw_fq_capture//Gmi-AHam_091-Ex1-cssl.2.fq.gz	12473510	12283125	4775979	4713891	4268700	4201003	98.4737	38.8824	98.7	90.5558	98.4141	33.6794
/home/e1garcia/shotgun_PIRE/pire_cssl_data_processing/gazza_minuta/2nd_sequencing_run//raw_fq_capture//Gmi-AHam_092-Ex1-cssl.1.fq.gz	29436132	28641041	14749477	14597972	14187277	14129192	97.2989	51.4977	98.9728	97.1866	99.5906	47.9995
/home/e1garcia/shotgun_PIRE/pire_cssl_data_processing/gazza_minuta/2nd_sequencing_run//raw_fq_capture//Gmi-AHam_092-Ex1-cssl.2.fq.gz	29436132	28641041	14749477	14597972	14191697	14129192	97.2989	51.4977	98.9728	97.2169	99.5596	47.9995
/home/e1garcia/shotgun_PIRE/pire_cssl_data_processing/gazza_minuta/2nd_sequencing_run//raw_fq_capture//Gmi-AHam_093-Ex1-cssl.1.fq.gz	18254366	17953526	9917267	9834304	9587951	9541926	98.352	55.2385	99.1634	97.495	99.52	52.272
/home/e1garcia/shotgun_PIRE/pire_cssl_data_processing/gazza_minuta/2nd_sequencing_run//raw_fq_capture//Gmi-AHam_093-Ex1-cssl.2.fq.gz	18254366	17953526	9917267	9834304	9586275	9541926	98.352	55.2385	99.1634	97.4779	99.5374	52.272
/home/e1garcia/shotgun_PIRE/pire_cssl_data_processing/gazza_minuta/2nd_sequencing_run//raw_fq_capture//Gmi-AHam_094-Ex1-cssl.1.fq.gz	13916835	13712644	7835981	7763976	7534797	7490343	98.5328	57.1442	99.0811	97.0482	99.41	53.8222
/home/e1garcia/shotgun_PIRE/pire_cssl_data_processing/gazza_minuta/2nd_sequencing_run//raw_fq_capture//Gmi-AHam_094-Ex1-cssl.2.fq.gz	13916835	13712644	7835981	7763976	7533824	7490343	98.5328	57.1442	99.0811	97.0356	99.4229	53.8222
/home/e1garcia/shotgun_PIRE/pire_cssl_data_processing/gazza_minuta/2nd_sequencing_run//raw_fq_capture//Gmi-AHam_095-Ex1-cssl.1.fq.gz	19944297	19661934	10958325	10852911	10579980	10525791	98.5842	55.7337	99.038	97.4852	99.4878	52.7759
/home/e1garcia/shotgun_PIRE/pire_cssl_data_processing/gazza_minuta/2nd_sequencing_run//raw_fq_capture//Gmi-AHam_095-Ex1-cssl.2.fq.gz	19944297	19661934	10958325	10852911	10578762	10525791	98.5842	55.7337	99.038	97.474	99.4993	52.7759
/home/e1garcia/shotgun_PIRE/pire_cssl_data_processing/gazza_minuta/2nd_sequencing_run//raw_fq_capture//Gmi-AHam_096-Ex1-cssl.1.fq.gz	15340449	15088082	8164518	8084401	7752655	7701399	98.3549	54.1124	99.0187	95.8965	99.3389	50.2032
/home/e1garcia/shotgun_PIRE/pire_cssl_data_processing/gazza_minuta/2nd_sequencing_run//raw_fq_capture//Gmi-AHam_096-Ex1-cssl.2.fq.gz	15340449	15088082	8164518	8084401	7753364	7701399	98.3549	54.1124	99.0187	95.9052	99.3298	50.2032
/home/e1garcia/shotgun_PIRE/pire_cssl_data_processing/gazza_minuta/2nd_sequencing_run//raw_fq_capture//Gmi-CBas_003-Ex1-cssl.1.fq.gz	1417474	1383904	701791	691830	488684	471141	97.6317	50.711	98.5806	70.6364	96.4102	33.2381
/home/e1garcia/shotgun_PIRE/pire_cssl_data_processing/gazza_minuta/2nd_sequencing_run//raw_fq_capture//Gmi-CBas_003-Ex1-cssl.2.fq.gz	1417474	1383904	701791	691830	490200	471141	97.6317	50.711	98.5806	70.8556	96.112	33.2381
/home/e1garcia/shotgun_PIRE/pire_cssl_data_processing/gazza_minuta/2nd_sequencing_run//raw_fq_capture//Gmi-CBas_004-Ex1-cssl.1.fq.gz	4172087	4084758	2092139	2063205	1911826	1851767	97.9068	51.2182	98.617	92.6629	96.8586	44.3847
/home/e1garcia/shotgun_PIRE/pire_cssl_data_processing/gazza_minuta/2nd_sequencing_run//raw_fq_capture//Gmi-CBas_004-Ex1-cssl.2.fq.gz	4172087	4084758	2092139	2063205	1912078	1851767	97.9068	51.2182	98.617	92.6751	96.8458	44.3847
/home/e1garcia/shotgun_PIRE/pire_cssl_data_processing/gazza_minuta/2nd_sequencing_run//raw_fq_capture//Gmi-CBas_005-Ex1-cssl.1.fq.gz	5347586	5227338	2638096	2600194	2420428	2350837	97.7514	50.4673	98.5633	93.0864	97.1248	43.9607
/home/e1garcia/shotgun_PIRE/pire_cssl_data_processing/gazza_minuta/2nd_sequencing_run//raw_fq_capture//Gmi-CBas_005-Ex1-cssl.2.fq.gz	5347586	5227338	2638096	2600194	2419905	2350837	97.7514	50.4673	98.5633	93.0663	97.1458	43.9607
/home/e1garcia/shotgun_PIRE/pire_cssl_data_processing/gazza_minuta/2nd_sequencing_run//raw_fq_capture//Gmi-CBas_006-Ex1-cssl2.1.fq.gz	3378497	3293587	1711321	1687229	1544318	1493569	97.4868	51.9592	98.5922	91.5298	96.7138	44.2081
/home/e1garcia/shotgun_PIRE/pire_cssl_data_processing/gazza_minuta/2nd_sequencing_run//raw_fq_capture//Gmi-CBas_006-Ex1-cssl2.2.fq.gz	3378497	3293587	1711321	1687229	1543113	1493569	97.4868	51.9592	98.5922	91.4584	96.7893	44.2081
/home/e1garcia/shotgun_PIRE/pire_cssl_data_processing/gazza_minuta/2nd_sequencing_run//raw_fq_capture//Gmi-CBas_007-Ex1-cssl2.1.fq.gz	6925261	6756319	3641335	3594454	3380011	3297811	97.5605	53.8952	98.7125	94.0341	97.5681	47.62
/home/e1garcia/shotgun_PIRE/pire_cssl_data_processing/gazza_minuta/2nd_sequencing_run//raw_fq_capture//Gmi-CBas_007-Ex1-cssl2.2.fq.gz	6925261	6756319	3641335	3594454	3378834	3297811	97.5605	53.8952	98.7125	94.0013	97.602	47.62
/home/e1garcia/shotgun_PIRE/pire_cssl_data_processing/gazza_minuta/2nd_sequencing_run//raw_fq_capture//Gmi-CBas_009-Ex1-cssl.1.fq.gz	8550616	8350400	4343092	4284791	4005593	3898214	97.6585	52.0106	98.6576	93.484	97.3193	45.5899
/home/e1garcia/shotgun_PIRE/pire_cssl_data_processing/gazza_minuta/2nd_sequencing_run//raw_fq_capture//Gmi-CBas_009-Ex1-cssl.2.fq.gz	8550616	8350400	4343092	4284791	4004067	3898214	97.6585	52.0106	98.6576	93.4484	97.3564	45.5899
/home/e1garcia/shotgun_PIRE/pire_cssl_data_processing/gazza_minuta/2nd_sequencing_run//raw_fq_capture//Gmi-CBas_010-Ex1-cssl.1.fq.gz	3930811	3843612	1934639	1906366	1769769	1719325	97.7817	50.3339	98.5386	92.8347	97.1497	43.7397
/home/e1garcia/shotgun_PIRE/pire_cssl_data_processing/gazza_minuta/2nd_sequencing_run//raw_fq_capture//Gmi-CBas_010-Ex1-cssl.2.fq.gz	3930811	3843612	1934639	1906366	1770212	1719325	97.7817	50.3339	98.5386	92.8579	97.1254	43.7397
/home/e1garcia/shotgun_PIRE/pire_cssl_data_processing/gazza_minuta/2nd_sequencing_run//raw_fq_capture//Gmi-CBas_012-Ex1-cssl2.1.fq.gz	4136540	3996432	2170198	2139904	1992578	1935398	96.6129	54.3034	98.6041	93.1153	97.1304	46.7878
/home/e1garcia/shotgun_PIRE/pire_cssl_data_processing/gazza_minuta/2nd_sequencing_run//raw_fq_capture//Gmi-CBas_012-Ex1-cssl2.2.fq.gz	4136540	3996432	2170198	2139904	1992237	1935398	96.6129	54.3034	98.6041	93.0994	97.147	46.7878
/home/e1garcia/shotgun_PIRE/pire_cssl_data_processing/gazza_minuta/2nd_sequencing_run//raw_fq_capture//Gmi-CBas_013-Ex1-cssl2.1.fq.gz	4276211	4117260	2284352	2250078	2098616	2037754	96.2829	55.4823	98.4996	93.2686	97.0999	47.6533
/home/e1garcia/shotgun_PIRE/pire_cssl_data_processing/gazza_minuta/2nd_sequencing_run//raw_fq_capture//Gmi-CBas_013-Ex1-cssl2.2.fq.gz	4276211	4117260	2284352	2250078	2099192	2037754	96.2829	55.4823	98.4996	93.2942	97.0733	47.6533
/home/e1garcia/shotgun_PIRE/pire_cssl_data_processing/gazza_minuta/2nd_sequencing_run//raw_fq_capture//Gmi-CBas_014-Ex1-cssl2.1.fq.gz	4195787	4082485	2157343	2127658	1980671	1925671	97.2996	52.8439	98.624	93.0916	97.2232	45.8953
/home/e1garcia/shotgun_PIRE/pire_cssl_data_processing/gazza_minuta/2nd_sequencing_run//raw_fq_capture//Gmi-CBas_014-Ex1-cssl2.2.fq.gz	4195787	4082485	2157343	2127658	1981315	1925671	97.2996	52.8439	98.624	93.1219	97.1916	45.8953
/home/e1garcia/shotgun_PIRE/pire_cssl_data_processing/gazza_minuta/2nd_sequencing_run//raw_fq_capture//Gmi-CBas_015-Ex1-cssl2.1.fq.gz	11135101	10804004	6228167	6142366	5752539	5594920	97.0265	57.6468	98.6224	93.6535	97.26	50.2458
/home/e1garcia/shotgun_PIRE/pire_cssl_data_processing/gazza_minuta/2nd_sequencing_run//raw_fq_capture//Gmi-CBas_015-Ex1-cssl2.2.fq.gz	11135101	10804004	6228167	6142366	5750543	5594920	97.0265	57.6468	98.6224	93.621	97.2938	50.2458
/home/e1garcia/shotgun_PIRE/pire_cssl_data_processing/gazza_minuta/2nd_sequencing_run//raw_fq_capture//Gmi-CBas_016-Ex1-cssl2.1.fq.gz	15293765	14789700	8285181	8167384	7627889	7402692	96.7041	56.0199	98.5782	93.3945	97.0477	48.4033
/home/e1garcia/shotgun_PIRE/pire_cssl_data_processing/gazza_minuta/2nd_sequencing_run//raw_fq_capture//Gmi-CBas_016-Ex1-cssl2.2.fq.gz	15293765	14789700	8285181	8167384	7626082	7402692	96.7041	56.0199	98.5782	93.3724	97.0707	48.4033
/home/e1garcia/shotgun_PIRE/pire_cssl_data_processing/gazza_minuta/2nd_sequencing_run//raw_fq_capture//Gmi-CBas_017-Ex1-cssl2.1.fq.gz	9986266	9776721	5271562	5208012	4869195	4730938	97.9017	53.9195	98.7945	93.4943	97.1606	47.3744
/home/e1garcia/shotgun_PIRE/pire_cssl_data_processing/gazza_minuta/2nd_sequencing_run//raw_fq_capture//Gmi-CBas_017-Ex1-cssl2.2.fq.gz	9986266	9776721	5271562	5208012	4865430	4730938	97.9017	53.9195	98.7945	93.422	97.2358	47.3744
/home/e1garcia/shotgun_PIRE/pire_cssl_data_processing/gazza_minuta/2nd_sequencing_run//raw_fq_capture//Gmi-CBas_019-Ex1-cssl2.1.fq.gz	14114923	13772386	7302726	7212857	6742694	6569451	97.5732	53.0244	98.7694	93.4816	97.4307	46.5426
/home/e1garcia/shotgun_PIRE/pire_cssl_data_processing/gazza_minuta/2nd_sequencing_run//raw_fq_capture//Gmi-CBas_019-Ex1-cssl2.2.fq.gz	14114923	13772386	7302726	7212857	6736864	6569451	97.5732	53.0244	98.7694	93.4008	97.515	46.5426
/home/e1garcia/shotgun_PIRE/pire_cssl_data_processing/gazza_minuta/2nd_sequencing_run//raw_fq_capture//Gmi-CBas_023-Ex1-cssl2.1.fq.gz	14140961	13787359	7426401	7341534	6822364	6645752	97.4994	53.8638	98.8572	92.9283	97.4113	46.9965
/home/e1garcia/shotgun_PIRE/pire_cssl_data_processing/gazza_minuta/2nd_sequencing_run//raw_fq_capture//Gmi-CBas_023-Ex1-cssl2.2.fq.gz	14140961	13787359	7426401	7341534	6816670	6645752	97.4994	53.8638	98.8572	92.8508	97.4926	46.9965
/home/e1garcia/shotgun_PIRE/pire_cssl_data_processing/gazza_minuta/2nd_sequencing_run//raw_fq_capture//Gmi-CBas_024-Ex1-cssl2.1.fq.gz	6698530	6481120	3487046	3439824	3211549	3109604	96.7544	53.8031	98.6458	93.3638	96.8257	46.4222
/home/e1garcia/shotgun_PIRE/pire_cssl_data_processing/gazza_minuta/2nd_sequencing_run//raw_fq_capture//Gmi-CBas_024-Ex1-cssl2.2.fq.gz	6698530	6481120	3487046	3439824	3208870	3109604	96.7544	53.8031	98.6458	93.2859	96.9065	46.4222
/home/e1garcia/shotgun_PIRE/pire_cssl_data_processing/gazza_minuta/2nd_sequencing_run//raw_fq_capture//Gmi-CBas_026-Ex1-cssl2.1.fq.gz	9630026	9343022	5146725	5079427	4738718	4599620	97.0197	55.0863	98.6924	93.2924	97.0646	47.7633
/home/e1garcia/shotgun_PIRE/pire_cssl_data_processing/gazza_minuta/2nd_sequencing_run//raw_fq_capture//Gmi-CBas_026-Ex1-cssl2.2.fq.gz	9630026	9343022	5146725	5079427	4736208	4599620	97.0197	55.0863	98.6924	93.243	97.1161	47.7633
/home/e1garcia/shotgun_PIRE/pire_cssl_data_processing/gazza_minuta/2nd_sequencing_run//raw_fq_capture//Gmi-CBas_027-Ex1-cssl2.1.fq.gz	13442280	13088636	7095394	7007842	6536504	6358490	97.3692	54.2103	98.7661	93.2741	97.2766	47.3022
/home/e1garcia/shotgun_PIRE/pire_cssl_data_processing/gazza_minuta/2nd_sequencing_run//raw_fq_capture//Gmi-CBas_027-Ex1-cssl2.2.fq.gz	13442280	13088636	7095394	7007842	6532214	6358490	97.3692	54.2103	98.7661	93.2129	97.3405	47.3022
/home/e1garcia/shotgun_PIRE/pire_cssl_data_processing/gazza_minuta/2nd_sequencing_run//raw_fq_capture//Gmi-CBas_028-Ex1-cssl.1.fq.gz	7130332	6994550	3588297	3541692	3316038	3226741	98.0957	51.3013	98.7012	93.6286	97.3071	45.2537
/home/e1garcia/shotgun_PIRE/pire_cssl_data_processing/gazza_minuta/2nd_sequencing_run//raw_fq_capture//Gmi-CBas_028-Ex1-cssl.2.fq.gz	7130332	6994550	3588297	3541692	3314349	3226741	98.0957	51.3013	98.7012	93.5809	97.3567	45.2537
/home/e1garcia/shotgun_PIRE/pire_cssl_data_processing/gazza_minuta/2nd_sequencing_run//raw_fq_capture//Gmi-CBas_029-Ex1-cssl2.1.fq.gz	13933899	13527912	7537440	7438187	6969626	6775255	97.0863	55.7177	98.6832	93.7006	97.2112	48.6243
/home/e1garcia/shotgun_PIRE/pire_cssl_data_processing/gazza_minuta/2nd_sequencing_run//raw_fq_capture//Gmi-CBas_029-Ex1-cssl2.2.fq.gz	13933899	13527912	7537440	7438187	6963747	6775255	97.0863	55.7177	98.6832	93.6216	97.2932	48.6243
/home/e1garcia/shotgun_PIRE/pire_cssl_data_processing/gazza_minuta/2nd_sequencing_run//raw_fq_capture//Gmi-CBas_033-Ex1-cssl2.1.fq.gz	6491439	6355628	3190983	3148041	2953765	2878896	97.9078	50.2072	98.6543	93.8287	97.4653	44.3491
/home/e1garcia/shotgun_PIRE/pire_cssl_data_processing/gazza_minuta/2nd_sequencing_run//raw_fq_capture//Gmi-CBas_033-Ex1-cssl2.2.fq.gz	6491439	6355628	3190983	3148041	2952071	2878896	97.9078	50.2072	98.6543	93.7749	97.5212	44.3491
/home/e1garcia/shotgun_PIRE/pire_cssl_data_processing/gazza_minuta/2nd_sequencing_run//raw_fq_capture//Gmi-CBas_034-Ex1-cssl2.1.fq.gz	15109276	14635503	7723556	7627861	7093447	6903845	96.8644	52.7727	98.761	92.9939	97.3271	45.6928
/home/e1garcia/shotgun_PIRE/pire_cssl_data_processing/gazza_minuta/2nd_sequencing_run//raw_fq_capture//Gmi-CBas_034-Ex1-cssl2.2.fq.gz	15109276	14635503	7723556	7627861	7085940	6903845	96.8644	52.7727	98.761	92.8955	97.4302	45.6928
/home/e1garcia/shotgun_PIRE/pire_cssl_data_processing/gazza_minuta/2nd_sequencing_run//raw_fq_capture//Gmi-CBas_039-Ex1-cssl2.1.fq.gz	10062355	9754411	5050990	4979363	4603534	4463132	96.9396	51.7816	98.5819	92.4523	96.9501	44.3547
/home/e1garcia/shotgun_PIRE/pire_cssl_data_processing/gazza_minuta/2nd_sequencing_run//raw_fq_capture//Gmi-CBas_039-Ex1-cssl2.2.fq.gz	10062355	9754411	5050990	4979363	4602964	4463132	96.9396	51.7816	98.5819	92.4408	96.9621	44.3547
/home/e1garcia/shotgun_PIRE/pire_cssl_data_processing/gazza_minuta/2nd_sequencing_run//raw_fq_capture//Gmi-CBas_041-Ex1-cssl2.1.fq.gz	9157505	8891932	4498894	4442591	4061461	3943123	97.0999	50.5952	98.7485	91.421	97.0863	43.0589
/home/e1garcia/shotgun_PIRE/pire_cssl_data_processing/gazza_minuta/2nd_sequencing_run//raw_fq_capture//Gmi-CBas_041-Ex1-cssl2.2.fq.gz	9157505	8891932	4498894	4442591	4058748	3943123	97.0999	50.5952	98.7485	91.3599	97.1512	43.0589
/home/e1garcia/shotgun_PIRE/pire_cssl_data_processing/gazza_minuta/2nd_sequencing_run//raw_fq_capture//Gmi-CBas_045-Ex1-cssl2.1.fq.gz	5494838	5357366	2650139	2614816	2406333	2340784	97.4982	49.4672	98.6671	92.0269	97.276	42.5997
/home/e1garcia/shotgun_PIRE/pire_cssl_data_processing/gazza_minuta/2nd_sequencing_run//raw_fq_capture//Gmi-CBas_045-Ex1-cssl2.2.fq.gz	5494838	5357366	2650139	2614816	2407291	2340784	97.4982	49.4672	98.6671	92.0635	97.2373	42.5997
/home/e1garcia/shotgun_PIRE/pire_cssl_data_processing/gazza_minuta/2nd_sequencing_run//raw_fq_capture//Gmi-CBas_046-Ex1-cssl.1.fq.gz	4013744	3902784	1987632	1958430	1799016	1740609	97.2355	50.9286	98.5308	91.8601	96.7534	43.3662
/home/e1garcia/shotgun_PIRE/pire_cssl_data_processing/gazza_minuta/2nd_sequencing_run//raw_fq_capture//Gmi-CBas_046-Ex1-cssl.2.fq.gz	4013744	3902784	1987632	1958430	1800004	1740609	97.2355	50.9286	98.5308	91.9106	96.7003	43.3662
/home/e1garcia/shotgun_PIRE/pire_cssl_data_processing/gazza_minuta/2nd_sequencing_run//raw_fq_capture//Gmi-CBas_047-Ex1-cssl.1.fq.gz	4749268	4638907	2279486	2244879	2065362	2001228	97.6763	49.1384	98.4818	92.0033	96.8948	42.1376
/home/e1garcia/shotgun_PIRE/pire_cssl_data_processing/gazza_minuta/2nd_sequencing_run//raw_fq_capture//Gmi-CBas_047-Ex1-cssl.2.fq.gz	4749268	4638907	2279486	2244879	2065964	2001228	97.6763	49.1384	98.4818	92.0301	96.8665	42.1376
/home/e1garcia/shotgun_PIRE/pire_cssl_data_processing/gazza_minuta/2nd_sequencing_run//raw_fq_capture//Gmi-CBas_048-Ex1-cssl2.1.fq.gz	7866762	7609137	4023285	3965695	3648129	3527401	96.7251	52.8744	98.5686	91.9922	96.6907	44.8393
/home/e1garcia/shotgun_PIRE/pire_cssl_data_processing/gazza_minuta/2nd_sequencing_run//raw_fq_capture//Gmi-CBas_048-Ex1-cssl2.2.fq.gz	7866762	7609137	4023285	3965695	3649022	3527401	96.7251	52.8744	98.5686	92.0147	96.667	44.8393
/home/e1garcia/shotgun_PIRE/pire_cssl_data_processing/gazza_minuta/2nd_sequencing_run//raw_fq_capture//Gmi-CBas_049-Ex1-cssl2.1.fq.gz	17915574	17392300	9657980	9504425	8743708	8507988	97.0792	55.5302	98.4101	91.9962	97.3041	47.4893
/home/e1garcia/shotgun_PIRE/pire_cssl_data_processing/gazza_minuta/2nd_sequencing_run//raw_fq_capture//Gmi-CBas_049-Ex1-cssl2.2.fq.gz	17915574	17392300	9657980	9504425	8750421	8507988	97.0792	55.5302	98.4101	92.0668	97.2295	47.4893
/home/e1garcia/shotgun_PIRE/pire_cssl_data_processing/gazza_minuta/2nd_sequencing_run//raw_fq_capture//Gmi-CBas_053-Ex1-cssl.1.fq.gz	5738885	5622094	2771437	2732255	2539918	2469747	97.9649	49.2955	98.5862	92.9605	97.2373	43.0353
/home/e1garcia/shotgun_PIRE/pire_cssl_data_processing/gazza_minuta/2nd_sequencing_run//raw_fq_capture//Gmi-CBas_053-Ex1-cssl.2.fq.gz	5738885	5622094	2771437	2732255	2540679	2469747	97.9649	49.2955	98.5862	92.9884	97.2081	43.0353
/home/e1garcia/shotgun_PIRE/pire_cssl_data_processing/gazza_minuta/2nd_sequencing_run//raw_fq_capture//Gmi-CBas_054-Ex1-cssl2.1.fq.gz	8791109	8515730	4448238	4383006	4012199	3884609	96.8675	52.2355	98.5335	91.5399	96.8199	44.1879
/home/e1garcia/shotgun_PIRE/pire_cssl_data_processing/gazza_minuta/2nd_sequencing_run//raw_fq_capture//Gmi-CBas_054-Ex1-cssl2.2.fq.gz	8791109	8515730	4448238	4383006	4012300	3884609	96.8675	52.2355	98.5335	91.5422	96.8175	44.1879
/home/e1garcia/shotgun_PIRE/pire_cssl_data_processing/gazza_minuta/2nd_sequencing_run//raw_fq_capture//Gmi-CBas_055-Ex1-cssl.1.fq.gz	6660751	6501402	3307761	3259427	2985504	2892995	97.6076	50.8777	98.5388	91.596	96.9014	43.4335
/home/e1garcia/shotgun_PIRE/pire_cssl_data_processing/gazza_minuta/2nd_sequencing_run//raw_fq_capture//Gmi-CBas_055-Ex1-cssl.2.fq.gz	6660751	6501402	3307761	3259427	2986190	2892995	97.6076	50.8777	98.5388	91.617	96.8791	43.4335
/home/e1garcia/shotgun_PIRE/pire_cssl_data_processing/gazza_minuta/2nd_sequencing_run//raw_fq_capture//Gmi-CBas_057-Ex1-cssl2.1.fq.gz	4809238	4676277	2425747	2400044	2199496	2161868	97.2353	51.8735	98.9404	91.644	98.2892	44.9524
/home/e1garcia/shotgun_PIRE/pire_cssl_data_processing/gazza_minuta/2nd_sequencing_run//raw_fq_capture//Gmi-CBas_057-Ex1-cssl2.2.fq.gz	4809238	4676277	2425747	2400044	2198727	2161868	97.2353	51.8735	98.9404	91.6119	98.3236	44.9524
/home/e1garcia/shotgun_PIRE/pire_cssl_data_processing/gazza_minuta/2nd_sequencing_run//raw_fq_capture//Gmi-CBas_058-Ex1-cssl.1.fq.gz	4683592	4577340	2321265	2288319	2118873	2055683	97.7314	50.7121	98.5807	92.5952	97.0178	43.8912
/home/e1garcia/shotgun_PIRE/pire_cssl_data_processing/gazza_minuta/2nd_sequencing_run//raw_fq_capture//Gmi-CBas_058-Ex1-cssl.2.fq.gz	4683592	4577340	2321265	2288319	2118313	2055683	97.7314	50.7121	98.5807	92.5707	97.0434	43.8912
/home/e1garcia/shotgun_PIRE/pire_cssl_data_processing/gazza_minuta/2nd_sequencing_run//raw_fq_capture//Gmi-CBas_060-Ex1-cssl.1.fq.gz	5057800	4946173	2469284	2434516	2252130	2182789	97.793	49.9231	98.592	92.5083	96.9211	43.1569
/home/e1garcia/shotgun_PIRE/pire_cssl_data_processing/gazza_minuta/2nd_sequencing_run//raw_fq_capture//Gmi-CBas_060-Ex1-cssl.2.fq.gz	5057800	4946173	2469284	2434516	2252615	2182789	97.793	49.9231	98.592	92.5282	96.9002	43.1569
/home/e1garcia/shotgun_PIRE/pire_cssl_data_processing/gazza_minuta/2nd_sequencing_run//raw_fq_capture//Gmi-CBas_061-Ex1-cssl.1.fq.gz	6291174	6153018	2949662	2907652	2682593	2608610	97.804	47.9385	98.5758	92.2598	97.2421	41.4646
/home/e1garcia/shotgun_PIRE/pire_cssl_data_processing/gazza_minuta/2nd_sequencing_run//raw_fq_capture//Gmi-CBas_061-Ex1-cssl.2.fq.gz	6291174	6153018	2949662	2907652	2684656	2608610	97.804	47.9385	98.5758	92.3307	97.1674	41.4646
/home/e1garcia/shotgun_PIRE/pire_cssl_data_processing/gazza_minuta/2nd_sequencing_run//raw_fq_capture//Gmi-CBas_064-Ex1-cssl2.1.fq.gz	20059904	19594371	10842760	10709710	10035319	9783799	97.6793	55.3361	98.7729	93.703	97.4937	48.7729
/home/e1garcia/shotgun_PIRE/pire_cssl_data_processing/gazza_minuta/2nd_sequencing_run//raw_fq_capture//Gmi-CBas_064-Ex1-cssl2.2.fq.gz	20059904	19594371	10842760	10709710	10032181	9783799	97.6793	55.3361	98.7729	93.6737	97.5241	48.7729
/home/e1garcia/shotgun_PIRE/pire_cssl_data_processing/gazza_minuta/2nd_sequencing_run//raw_fq_capture//Gmi-CBas_066-Ex1-cssl2.1.fq.gz	4534208	4321027	2466985	2434167	2211829	2142796	95.2984	57.0926	98.6697	90.866	96.8789	47.2584
/home/e1garcia/shotgun_PIRE/pire_cssl_data_processing/gazza_minuta/2nd_sequencing_run//raw_fq_capture//Gmi-CBas_066-Ex1-cssl2.2.fq.gz	4534208	4321027	2466985	2434167	2212359	2142796	95.2984	57.0926	98.6697	90.8877	96.8557	47.2584
/home/e1garcia/shotgun_PIRE/pire_cssl_data_processing/gazza_minuta/2nd_sequencing_run//raw_fq_capture//Gmi-CBas_067-Ex1-cssl.1.fq.gz	5604024	5478289	2621231	2585041	2381602	2315727	97.7563	47.8476	98.6194	92.1301	97.234	41.3226
/home/e1garcia/shotgun_PIRE/pire_cssl_data_processing/gazza_minuta/2nd_sequencing_run//raw_fq_capture//Gmi-CBas_067-Ex1-cssl.2.fq.gz	5604024	5478289	2621231	2585041	2381935	2315727	97.7563	47.8476	98.6194	92.143	97.2204	41.3226
/home/e1garcia/shotgun_PIRE/pire_cssl_data_processing/gazza_minuta/2nd_sequencing_run//raw_fq_capture//Gmi-CBas_068-Ex1-cssl2.1.fq.gz	16936605	16425764	8588863	8470157	7811843	7577765	96.9838	52.289	98.6179	92.2278	97.0035	44.7419
/home/e1garcia/shotgun_PIRE/pire_cssl_data_processing/gazza_minuta/2nd_sequencing_run//raw_fq_capture//Gmi-CBas_068-Ex1-cssl2.2.fq.gz	16936605	16425764	8588863	8470157	7811237	7577765	96.9838	52.289	98.6179	92.2207	97.0111	44.7419
/home/e1garcia/shotgun_PIRE/pire_cssl_data_processing/gazza_minuta/2nd_sequencing_run//raw_fq_capture//Gmi-CBas_069-Ex1-cssl2.1.fq.gz	9545323	9214527	4774286	4712402	4189834	4071710	96.5345	51.8126	98.7038	88.9108	97.1807	42.6566
/home/e1garcia/shotgun_PIRE/pire_cssl_data_processing/gazza_minuta/2nd_sequencing_run//raw_fq_capture//Gmi-CBas_069-Ex1-cssl2.2.fq.gz	9545323	9214527	4774286	4712402	4191585	4071710	96.5345	51.8126	98.7038	88.948	97.1401	42.6566
/home/e1garcia/shotgun_PIRE/pire_cssl_data_processing/gazza_minuta/2nd_sequencing_run//raw_fq_capture//Gmi-CBas_070-Ex1-cssl.1.fq.gz	3877416	3746672	1863270	1834336	1672371	1616296	96.6281	49.7313	98.4471	91.1704	96.647	41.6849
/home/e1garcia/shotgun_PIRE/pire_cssl_data_processing/gazza_minuta/2nd_sequencing_run//raw_fq_capture//Gmi-CBas_070-Ex1-cssl.2.fq.gz	3877416	3746672	1863270	1834336	1672473	1616296	96.6281	49.7313	98.4471	91.1759	96.6411	41.6849
/home/e1garcia/shotgun_PIRE/pire_cssl_data_processing/gazza_minuta/2nd_sequencing_run//raw_fq_capture//Gmi-CBas_071-Ex1-cssl.1.fq.gz	6872083	6668829	3236319	3189565	2911119	2824474	97.0423	48.529	98.5553	91.2701	97.0237	41.1007
/home/e1garcia/shotgun_PIRE/pire_cssl_data_processing/gazza_minuta/2nd_sequencing_run//raw_fq_capture//Gmi-CBas_071-Ex1-cssl.2.fq.gz	6872083	6668829	3236319	3189565	2911331	2824474	97.0423	48.529	98.5553	91.2767	97.0166	41.1007
/home/e1garcia/shotgun_PIRE/pire_cssl_data_processing/gazza_minuta/2nd_sequencing_run//raw_fq_capture//Gmi-CBas_075-Ex1-cssl2.1.fq.gz	18300367	17818645	9863246	9720634	9106971	8865982	97.3677	55.3535	98.5541	93.687	97.3538	48.447
/home/e1garcia/shotgun_PIRE/pire_cssl_data_processing/gazza_minuta/2nd_sequencing_run//raw_fq_capture//Gmi-CBas_075-Ex1-cssl2.2.fq.gz	18300367	17818645	9863246	9720634	9104360	8865982	97.3677	55.3535	98.5541	93.6601	97.3817	48.447
/home/e1garcia/shotgun_PIRE/pire_cssl_data_processing/gazza_minuta/2nd_sequencing_run//raw_fq_capture//Gmi-CBas_078-Ex1-cssl.1.fq.gz	7355224	7115059	3535378	3482851	3155441	3055036	96.7348	49.6887	98.5142	90.5994	96.818	41.5356
/home/e1garcia/shotgun_PIRE/pire_cssl_data_processing/gazza_minuta/2nd_sequencing_run//raw_fq_capture//Gmi-CBas_078-Ex1-cssl.2.fq.gz	7355224	7115059	3535378	3482851	3154741	3055036	96.7348	49.6887	98.5142	90.5793	96.8395	41.5356
/home/e1garcia/shotgun_PIRE/pire_cssl_data_processing/gazza_minuta/2nd_sequencing_run//raw_fq_capture//Gmi-CBas_079-Ex1-cssl.1.fq.gz	8294039	8000764	4144932	4081661	3760557	3646910	96.464	51.8067	98.4735	92.133	96.9779	43.9703
/home/e1garcia/shotgun_PIRE/pire_cssl_data_processing/gazza_minuta/2nd_sequencing_run//raw_fq_capture//Gmi-CBas_079-Ex1-cssl.2.fq.gz	8294039	8000764	4144932	4081661	3760684	3646910	96.464	51.8067	98.4735	92.1361	96.9746	43.9703
/home/e1garcia/shotgun_PIRE/pire_cssl_data_processing/gazza_minuta/2nd_sequencing_run//raw_fq_capture//Gmi-CBas_080-Ex1-cssl2.1.fq.gz	14600939	14192863	5730709	5647979	5245762	5108421	97.2051	40.3774	98.5564	92.8786	97.3819	34.9869
/home/e1garcia/shotgun_PIRE/pire_cssl_data_processing/gazza_minuta/2nd_sequencing_run//raw_fq_capture//Gmi-CBas_080-Ex1-cssl2.2.fq.gz	14600939	14192863	5730767	5647979	5246748	5108421	97.2051	40.3778	98.5554	92.896	97.3636	34.9869
/home/e1garcia/shotgun_PIRE/pire_cssl_data_processing/gazza_minuta/2nd_sequencing_run//raw_fq_capture//Gmi-CBas_081-Ex1-cssl.1.fq.gz	6743029	6533372	3236791	3187893	2955586	2865127	96.8908	49.5424	98.4893	92.7128	96.9394	42.4902
/home/e1garcia/shotgun_PIRE/pire_cssl_data_processing/gazza_minuta/2nd_sequencing_run//raw_fq_capture//Gmi-CBas_081-Ex1-cssl.2.fq.gz	6743029	6533372	3236791	3187893	2955281	2865127	96.8908	49.5424	98.4893	92.7033	96.9494	42.4902
/home/e1garcia/shotgun_PIRE/pire_cssl_data_processing/gazza_minuta/2nd_sequencing_run//raw_fq_capture//Gmi-CBas_082-Ex1-cssl2.1.fq.gz	15907426	15437859	8377257	8252585	7622683	7416673	97.0481	54.2644	98.5118	92.3672	97.2974	46.624
/home/e1garcia/shotgun_PIRE/pire_cssl_data_processing/gazza_minuta/2nd_sequencing_run//raw_fq_capture//Gmi-CBas_082-Ex1-cssl2.2.fq.gz	15907426	15437859	8377257	8252585	7625262	7416673	97.0481	54.2644	98.5118	92.3985	97.2645	46.624
/home/e1garcia/shotgun_PIRE/pire_cssl_data_processing/gazza_minuta/2nd_sequencing_run//raw_fq_capture//Gmi-CBas_083-Ex1-cssl2.1.fq.gz	7179896	7046137	3627262	3583935	3343787	3262256	98.137	51.4787	98.8055	93.2993	97.5617	45.436
/home/e1garcia/shotgun_PIRE/pire_cssl_data_processing/gazza_minuta/2nd_sequencing_run//raw_fq_capture//Gmi-CBas_083-Ex1-cssl2.2.fq.gz	7179896	7046137	3627262	3583935	3342857	3262256	98.137	51.4787	98.8055	93.2734	97.5889	45.436
/home/e1garcia/shotgun_PIRE/pire_cssl_data_processing/gazza_minuta/2nd_sequencing_run//raw_fq_capture//Gmi-CBas_084-Ex1-cssl.1.fq.gz	3227693	3165535	1544721	1525464	1424780	1388807	98.0742	48.7981	98.7534	93.3998	97.4752	43.0279
/home/e1garcia/shotgun_PIRE/pire_cssl_data_processing/gazza_minuta/2nd_sequencing_run//raw_fq_capture//Gmi-CBas_084-Ex1-cssl.2.fq.gz	3227693	3165535	1544721	1525464	1424209	1388807	98.0742	48.7981	98.7534	93.3623	97.5143	43.0279
/home/e1garcia/shotgun_PIRE/pire_cssl_data_processing/gazza_minuta/2nd_sequencing_run//raw_fq_capture//Gmi-CBas_085-Ex1-cssl.1.fq.gz	6864664	6745399	3371996	3333206	3109027	3046683	98.2626	49.9896	98.8496	93.2744	97.9947	44.3821
/home/e1garcia/shotgun_PIRE/pire_cssl_data_processing/gazza_minuta/2nd_sequencing_run//raw_fq_capture//Gmi-CBas_085-Ex1-cssl.2.fq.gz	6864664	6745399	3371996	3333206	3108349	3046683	98.2626	49.9896	98.8496	93.254	98.0161	44.3821
/home/e1garcia/shotgun_PIRE/pire_cssl_data_processing/gazza_minuta/2nd_sequencing_run//raw_fq_capture//Gmi-CBas_086-Ex1-cssl2.1.fq.gz	3248764	3174030	1632739	1607764	1489090	1439250	97.6996	51.4406	98.4704	92.6187	96.653	44.3015
/home/e1garcia/shotgun_PIRE/pire_cssl_data_processing/gazza_minuta/2nd_sequencing_run//raw_fq_capture//Gmi-CBas_086-Ex1-cssl2.2.fq.gz	3248764	3174030	1632739	1607764	1490529	1439250	97.6996	51.4406	98.4704	92.7082	96.5597	44.3015
/home/e1garcia/shotgun_PIRE/pire_cssl_data_processing/gazza_minuta/2nd_sequencing_run//raw_fq_capture//Gmi-CBas_088-Ex1-cssl.1.fq.gz	5086123	4973384	2598072	2566666	2394128	2335572	97.7834	52.2395	98.7912	93.2777	97.5542	45.9205
/home/e1garcia/shotgun_PIRE/pire_cssl_data_processing/gazza_minuta/2nd_sequencing_run//raw_fq_capture//Gmi-CBas_088-Ex1-cssl.2.fq.gz	5086123	4973384	2598072	2566666	2392932	2335572	97.7834	52.2395	98.7912	93.2311	97.6029	45.9205
/home/e1garcia/shotgun_PIRE/pire_cssl_data_processing/gazza_minuta/2nd_sequencing_run//raw_fq_capture//Gmi-CBas_089-Ex1-cssl.1.fq.gz	3791180	3672062	1895995	1869301	1711113	1654911	96.858	51.633	98.5921	91.5376	96.7155	43.6516
/home/e1garcia/shotgun_PIRE/pire_cssl_data_processing/gazza_minuta/2nd_sequencing_run//raw_fq_capture//Gmi-CBas_089-Ex1-cssl.2.fq.gz	3791180	3672062	1895995	1869301	1710528	1654911	96.858	51.633	98.5921	91.5063	96.7485	43.6516
/home/e1garcia/shotgun_PIRE/pire_cssl_data_processing/gazza_minuta/2nd_sequencing_run//raw_fq_capture//Gmi-CBas_090-Ex1-cssl.1.fq.gz	3638099	3530667	1852867	1825420	1675337	1621013	97.047	52.4792	98.5187	91.7782	96.7574	44.5566
/home/e1garcia/shotgun_PIRE/pire_cssl_data_processing/gazza_minuta/2nd_sequencing_run//raw_fq_capture//Gmi-CBas_090-Ex1-cssl.2.fq.gz	3638099	3530667	1852867	1825420	1676373	1621013	97.047	52.4792	98.5187	91.8349	96.6976	44.5566
/home/e1garcia/shotgun_PIRE/pire_cssl_data_processing/gazza_minuta/2nd_sequencing_run//raw_fq_capture//Gmi-CBas_091-Ex1-cssl.1.fq.gz	5151851	5019696	2620045	2584784	2384033	2312607	97.4348	52.1953	98.6542	92.2334	97.004	44.8889
/home/e1garcia/shotgun_PIRE/pire_cssl_data_processing/gazza_minuta/2nd_sequencing_run//raw_fq_capture//Gmi-CBas_091-Ex1-cssl.2.fq.gz	5151851	5019696	2620045	2584784	2384538	2312607	97.4348	52.1953	98.6542	92.2529	96.9834	44.8889
/home/e1garcia/shotgun_PIRE/pire_cssl_data_processing/gazza_minuta/2nd_sequencing_run//raw_fq_capture//Gmi-CBas_092-Ex1-cssl2.1.fq.gz	15712599	15288515	8420271	8293305	7731155	7536229	97.301	55.0758	98.4921	93.2216	97.4787	47.963
/home/e1garcia/shotgun_PIRE/pire_cssl_data_processing/gazza_minuta/2nd_sequencing_run//raw_fq_capture//Gmi-CBas_092-Ex1-cssl2.2.fq.gz	15712599	15288515	8420271	8293305	7734312	7536229	97.301	55.0758	98.4921	93.2597	97.4389	47.963
/home/e1garcia/shotgun_PIRE/pire_cssl_data_processing/gazza_minuta/2nd_sequencing_run//raw_fq_capture//Gmi-CBas_093-Ex1-cssl.1.fq.gz	3102217	3005914	1577434	1554087	1420279	1374636	96.8957	52.4777	98.5199	91.3899	96.7863	44.3114
/home/e1garcia/shotgun_PIRE/pire_cssl_data_processing/gazza_minuta/2nd_sequencing_run//raw_fq_capture//Gmi-CBas_093-Ex1-cssl.2.fq.gz	3102217	3005914	1577434	1554087	1421434	1374636	96.8957	52.4777	98.5199	91.4642	96.7077	44.3114
/home/e1garcia/shotgun_PIRE/pire_cssl_data_processing/gazza_minuta/2nd_sequencing_run//raw_fq_capture//Gmi-CBas_094-Ex1-cssl.1.fq.gz	5009990	4804701	2512458	2475576	2214134	2134149	95.9024	52.2917	98.532	89.4391	96.3875	42.5979
/home/e1garcia/shotgun_PIRE/pire_cssl_data_processing/gazza_minuta/2nd_sequencing_run//raw_fq_capture//Gmi-CBas_094-Ex1-cssl.2.fq.gz	5009990	4804701	2512458	2475576	2214759	2134149	95.9024	52.2917	98.532	89.4644	96.3603	42.5979
/home/e1garcia/shotgun_PIRE/pire_cssl_data_processing/gazza_minuta/2nd_sequencing_run//raw_fq_capture//Gmi-CBas_095-Ex1-cssl2.1.fq.gz	13004901	12624974	6821784	6718697	6266289	6107839	97.0786	54.034	98.4889	93.2664	97.4714	46.9657
/home/e1garcia/shotgun_PIRE/pire_cssl_data_processing/gazza_minuta/2nd_sequencing_run//raw_fq_capture//Gmi-CBas_095-Ex1-cssl2.2.fq.gz	13004901	12624974	6821784	6718697	6268551	6107839	97.0786	54.034	98.4889	93.3001	97.4362	46.9657
/home/e1garcia/shotgun_PIRE/pire_cssl_data_processing/gazza_minuta/2nd_sequencing_run//raw_fq_capture//Gmi-CBat_001-Ex1-cssl.1.fq.gz	2951066	2879757	1417212	1398759	1277346	1238556	97.5836	49.2129	98.6979	91.3199	96.9632	41.9698
/home/e1garcia/shotgun_PIRE/pire_cssl_data_processing/gazza_minuta/2nd_sequencing_run//raw_fq_capture//Gmi-CBat_001-Ex1-cssl.2.fq.gz	2951066	2879757	1417212	1398759	1277904	1238556	97.5836	49.2129	98.6979	91.3598	96.9209	41.9698
/home/e1garcia/shotgun_PIRE/pire_cssl_data_processing/gazza_minuta/2nd_sequencing_run//raw_fq_capture//Gmi-CBat_002-Ex1-cssl2.1.fq.gz	4259738	4147830	2209803	2176443	1977798	1921058	97.3729	53.2761	98.4904	90.873	97.1312	45.098
/home/e1garcia/shotgun_PIRE/pire_cssl_data_processing/gazza_minuta/2nd_sequencing_run//raw_fq_capture//Gmi-CBat_002-Ex1-cssl2.2.fq.gz	4259738	4147830	2209803	2176443	1980112	1921058	97.3729	53.2761	98.4904	90.9793	97.0176	45.098
/home/e1garcia/shotgun_PIRE/pire_cssl_data_processing/gazza_minuta/2nd_sequencing_run//raw_fq_capture//Gmi-CBat_003-Ex1-cssl.1.fq.gz	4010071	3898721	1971074	1944430	1725964	1665568	97.2232	50.5569	98.6482	88.7645	96.5007	41.5346
/home/e1garcia/shotgun_PIRE/pire_cssl_data_processing/gazza_minuta/2nd_sequencing_run//raw_fq_capture//Gmi-CBat_003-Ex1-cssl.2.fq.gz	4010071	3898721	1971074	1944430	1727538	1665568	97.2232	50.5569	98.6482	88.8455	96.4128	41.5346
/home/e1garcia/shotgun_PIRE/pire_cssl_data_processing/gazza_minuta/2nd_sequencing_run//raw_fq_capture//Gmi-CBat_004-Ex1-cssl.1.fq.gz	8076061	7867700	3818977	3763431	3449292	3347730	97.42	48.5399	98.5455	91.6529	97.0556	41.4525
/home/e1garcia/shotgun_PIRE/pire_cssl_data_processing/gazza_minuta/2nd_sequencing_run//raw_fq_capture//Gmi-CBat_004-Ex1-cssl.2.fq.gz	8076061	7867700	3818977	3763431	3449813	3347730	97.42	48.5399	98.5455	91.6667	97.0409	41.4525
/home/e1garcia/shotgun_PIRE/pire_cssl_data_processing/gazza_minuta/2nd_sequencing_run//raw_fq_capture//Gmi-CBat_005-Ex1-cssl2.1.fq.gz	6607619	6451942	3448549	3401249	3059375	2970202	97.644	53.4498	98.6284	89.9486	97.0853	44.9512
/home/e1garcia/shotgun_PIRE/pire_cssl_data_processing/gazza_minuta/2nd_sequencing_run//raw_fq_capture//Gmi-CBat_005-Ex1-cssl2.2.fq.gz	6607619	6451942	3448549	3401249	3063553	2970202	97.644	53.4498	98.6284	90.0714	96.9529	44.9512
