file 	#reads_raw	#reads_fp1	#reads_clmp	#reads_fp2	#reads_fqscrn	#reads_repr	%_readLoss_fp1	%_readLoss_clmp	%_readLoss_fp2	%_readLoss_fqscrn	%_readLoss_repr	%_total_readLoss
/home/e1garcia/shotgun_PIRE/pire_cssl_data_processing/gazza_minuta/2nd_sequencing_run//raw_fq_capture//Gmi-ABas_001-Ex1-b-cssl2.1.fq.gz	5638634	5426740	2376352	2343913	1911426	1853714	3.7579	56.2103	1.36508	18.4515	3.01932	67.1248
/home/e1garcia/shotgun_PIRE/pire_cssl_data_processing/gazza_minuta/2nd_sequencing_run//raw_fq_capture//Gmi-ABas_001-Ex1-b-cssl2.2.fq.gz	5638634	5426740	2376352	2343913	1921409	1853714	3.7579	56.2103	1.36508	18.0256	3.5232	67.1248
/home/e1garcia/shotgun_PIRE/pire_cssl_data_processing/gazza_minuta/2nd_sequencing_run//raw_fq_capture//Gmi-ABas_003-Ex1-b-cssl2.1.fq.gz	4422095	4204070	2424002	2397707	2099656	2055115	4.93036	42.3415	1.08478	12.4307	2.12135	53.5262
/home/e1garcia/shotgun_PIRE/pire_cssl_data_processing/gazza_minuta/2nd_sequencing_run//raw_fq_capture//Gmi-ABas_003-Ex1-b-cssl2.2.fq.gz	4422095	4204070	2424002	2397707	2106752	2055115	4.93036	42.3415	1.08478	12.1347	2.45102	53.5262
/home/e1garcia/shotgun_PIRE/pire_cssl_data_processing/gazza_minuta/2nd_sequencing_run//raw_fq_capture//Gmi-ABas_004-Ex1-b-cssl2.1.fq.gz	3117856	2916843	1539842	1522511	1305277	1275643	6.44715	47.2086	1.12551	14.2681	2.27032	59.0859
/home/e1garcia/shotgun_PIRE/pire_cssl_data_processing/gazza_minuta/2nd_sequencing_run//raw_fq_capture//Gmi-ABas_004-Ex1-b-cssl2.2.fq.gz	3117856	2916843	1539842	1522511	1308306	1275643	6.44715	47.2086	1.12551	14.0692	2.49659	59.0859
/home/e1garcia/shotgun_PIRE/pire_cssl_data_processing/gazza_minuta/2nd_sequencing_run//raw_fq_capture//Gmi-ABas_008-Ex1-b-cssl.1.fq.gz	10385921	10061910	6315977	6228769	4836261	4403269	3.11971	37.2288	1.38075	22.3561	8.95303	57.6035
/home/e1garcia/shotgun_PIRE/pire_cssl_data_processing/gazza_minuta/2nd_sequencing_run//raw_fq_capture//Gmi-ABas_008-Ex1-b-cssl.2.fq.gz	10385921	10061910	6315977	6228769	4916575	4403269	3.11971	37.2288	1.38075	21.0667	10.4403	57.6035
/home/e1garcia/shotgun_PIRE/pire_cssl_data_processing/gazza_minuta/2nd_sequencing_run//raw_fq_capture//Gmi-ABas_009-Ex1-b-cssl.1.fq.gz	5476261	5318216	2941446	2912566	2620191	2573199	2.886	44.6911	0.98183	10.0384	1.79346	53.0118
/home/e1garcia/shotgun_PIRE/pire_cssl_data_processing/gazza_minuta/2nd_sequencing_run//raw_fq_capture//Gmi-ABas_009-Ex1-b-cssl.2.fq.gz	5476261	5318216	2941446	2912566	2623807	2573199	2.886	44.6911	0.98183	9.91425	1.9288	53.0118
/home/e1garcia/shotgun_PIRE/pire_cssl_data_processing/gazza_minuta/2nd_sequencing_run//raw_fq_capture//Gmi-ABas_010-Ex1-b-cssl.1.fq.gz	5930422	5731951	3156893	3126083	2766013	2711619	3.34666	44.9246	0.97596	11.5182	1.96651	54.2761
/home/e1garcia/shotgun_PIRE/pire_cssl_data_processing/gazza_minuta/2nd_sequencing_run//raw_fq_capture//Gmi-ABas_010-Ex1-b-cssl.2.fq.gz	5930422	5731951	3156893	3126083	2771346	2711619	3.34666	44.9246	0.97596	11.3477	2.15516	54.2761
/home/e1garcia/shotgun_PIRE/pire_cssl_data_processing/gazza_minuta/2nd_sequencing_run//raw_fq_capture//Gmi-ABas_011-Ex1-b-cssl.1.fq.gz	4711386	4589859	2201888	2174817	1770376	1717233	2.57943	52.0271	1.22944	18.5966	3.00179	63.5514
/home/e1garcia/shotgun_PIRE/pire_cssl_data_processing/gazza_minuta/2nd_sequencing_run//raw_fq_capture//Gmi-ABas_011-Ex1-b-cssl.2.fq.gz	4711386	4589859	2201888	2174817	1779573	1717233	2.57943	52.0271	1.22944	18.1737	3.50309	63.5514
/home/e1garcia/shotgun_PIRE/pire_cssl_data_processing/gazza_minuta/2nd_sequencing_run//raw_fq_capture//Gmi-ABas_012-Ex1-b-cssl.1.fq.gz	6727803	6508080	3070463	3033645	2567683	2513090	3.2659	52.8208	1.1991	15.3598	2.12616	62.6462
/home/e1garcia/shotgun_PIRE/pire_cssl_data_processing/gazza_minuta/2nd_sequencing_run//raw_fq_capture//Gmi-ABas_012-Ex1-b-cssl.2.fq.gz	6727803	6508080	3070463	3033645	2576288	2513090	3.2659	52.8208	1.1991	15.0762	2.45306	62.6462
/home/e1garcia/shotgun_PIRE/pire_cssl_data_processing/gazza_minuta/2nd_sequencing_run//raw_fq_capture//Gmi-ABas_013-Ex1-b-cssl.1.fq.gz	4040317	3933873	1998498	1974535	1711472	1667932	2.63455	49.1977	1.19905	13.3228	2.54401	58.7178
/home/e1garcia/shotgun_PIRE/pire_cssl_data_processing/gazza_minuta/2nd_sequencing_run//raw_fq_capture//Gmi-ABas_013-Ex1-b-cssl.2.fq.gz	4040317	3933873	1998498	1974535	1718344	1667932	2.63455	49.1977	1.19905	12.9748	2.93375	58.7178
/home/e1garcia/shotgun_PIRE/pire_cssl_data_processing/gazza_minuta/2nd_sequencing_run//raw_fq_capture//Gmi-ABas_014-Ex1-b-cssl.1.fq.gz	666415	647600	350118	346077	305664	300553	2.82332	45.9361	1.15418	11.6775	1.6721	54.9
/home/e1garcia/shotgun_PIRE/pire_cssl_data_processing/gazza_minuta/2nd_sequencing_run//raw_fq_capture//Gmi-ABas_014-Ex1-b-cssl.2.fq.gz	666415	647600	350118	346077	306185	300553	2.82332	45.9361	1.15418	11.5269	1.83941	54.9
/home/e1garcia/shotgun_PIRE/pire_cssl_data_processing/gazza_minuta/2nd_sequencing_run//raw_fq_capture//Gmi-ABas_015-Ex1-b-cssl.1.fq.gz	5986648	5865840	2873997	2841498	2575900	2531722	2.01796	51.0045	1.13079	9.34711	1.71505	57.7105
/home/e1garcia/shotgun_PIRE/pire_cssl_data_processing/gazza_minuta/2nd_sequencing_run//raw_fq_capture//Gmi-ABas_015-Ex1-b-cssl.2.fq.gz	5986648	5865840	2873997	2841498	2580118	2531722	2.01796	51.0045	1.13079	9.19867	1.87573	57.7105
/home/e1garcia/shotgun_PIRE/pire_cssl_data_processing/gazza_minuta/2nd_sequencing_run//raw_fq_capture//Gmi-ABas_016-Ex1-b-cssl.1.fq.gz	6891604	6719149	3278394	3238687	2768646	2694874	2.50239	51.2082	1.21117	14.5133	2.66455	60.8963
/home/e1garcia/shotgun_PIRE/pire_cssl_data_processing/gazza_minuta/2nd_sequencing_run//raw_fq_capture//Gmi-ABas_016-Ex1-b-cssl.2.fq.gz	6891604	6719149	3278394	3238687	2780189	2694874	2.50239	51.2082	1.21117	14.1569	3.06868	60.8963
/home/e1garcia/shotgun_PIRE/pire_cssl_data_processing/gazza_minuta/2nd_sequencing_run//raw_fq_capture//Gmi-ABas_017-Ex1-b-cssl2.1.fq.gz	5882487	5742047	2709333	2680074	2440267	2404218	2.38743	52.8159	1.07993	8.94778	1.47726	59.1292
/home/e1garcia/shotgun_PIRE/pire_cssl_data_processing/gazza_minuta/2nd_sequencing_run//raw_fq_capture//Gmi-ABas_017-Ex1-b-cssl2.2.fq.gz	5882487	5742047	2709333	2680074	2442166	2404218	2.38743	52.8159	1.07993	8.87692	1.55387	59.1292
/home/e1garcia/shotgun_PIRE/pire_cssl_data_processing/gazza_minuta/2nd_sequencing_run//raw_fq_capture//Gmi-ABas_018-Ex1-b-cssl2.1.fq.gz	6211829	6089483	3207990	3177440	2992664	2958872	1.96956	47.3192	0.95231	5.81525	1.12916	52.3671
/home/e1garcia/shotgun_PIRE/pire_cssl_data_processing/gazza_minuta/2nd_sequencing_run//raw_fq_capture//Gmi-ABas_018-Ex1-b-cssl2.2.fq.gz	6211829	6089483	3207990	3177440	2993738	2958872	1.96956	47.3192	0.95231	5.78145	1.16463	52.3671
/home/e1garcia/shotgun_PIRE/pire_cssl_data_processing/gazza_minuta/2nd_sequencing_run//raw_fq_capture//Gmi-ABas_019-Ex1-b-cssl2.1.fq.gz	4456017	4360890	2425418	2402521	2221802	2191459	2.1348	44.3825	0.944043	7.52206	1.36569	50.8202
/home/e1garcia/shotgun_PIRE/pire_cssl_data_processing/gazza_minuta/2nd_sequencing_run//raw_fq_capture//Gmi-ABas_019-Ex1-b-cssl2.2.fq.gz	4456017	4360890	2425418	2402521	2223202	2191459	2.1348	44.3825	0.944043	7.46378	1.42781	50.8202
/home/e1garcia/shotgun_PIRE/pire_cssl_data_processing/gazza_minuta/2nd_sequencing_run//raw_fq_capture//Gmi-ABas_022-Ex1-b-cssl2.1.fq.gz	5224680	5109899	2998023	2970952	2766874	2731505	2.1969	41.3291	0.902962	6.86911	1.2783	47.7192
/home/e1garcia/shotgun_PIRE/pire_cssl_data_processing/gazza_minuta/2nd_sequencing_run//raw_fq_capture//Gmi-ABas_022-Ex1-b-cssl2.2.fq.gz	5224680	5109899	2998023	2970952	2767859	2731505	2.1969	41.3291	0.902962	6.83596	1.31343	47.7192
/home/e1garcia/shotgun_PIRE/pire_cssl_data_processing/gazza_minuta/2nd_sequencing_run//raw_fq_capture//Gmi-ABas_024-Ex1-b-cssl.1.fq.gz	5608165	5444052	2655429	2624167	2217489	2176769	2.92632	51.2233	1.17729	15.4974	1.83631	61.1857
/home/e1garcia/shotgun_PIRE/pire_cssl_data_processing/gazza_minuta/2nd_sequencing_run//raw_fq_capture//Gmi-ABas_024-Ex1-b-cssl.2.fq.gz	5608165	5444052	2655429	2624167	2222226	2176769	2.92632	51.2233	1.17729	15.3169	2.04556	61.1857
/home/e1garcia/shotgun_PIRE/pire_cssl_data_processing/gazza_minuta/2nd_sequencing_run//raw_fq_capture//Gmi-ABas_025-Ex1-b-cssl.1.fq.gz	5014796	4902479	1957777	1929938	1771497	1750460	2.23971	60.0656	1.42197	8.20964	1.18753	65.0941
/home/e1garcia/shotgun_PIRE/pire_cssl_data_processing/gazza_minuta/2nd_sequencing_run//raw_fq_capture//Gmi-ABas_025-Ex1-b-cssl.2.fq.gz	5014796	4902479	1957777	1929938	1772800	1750460	2.23971	60.0656	1.42197	8.14213	1.26015	65.0941
/home/e1garcia/shotgun_PIRE/pire_cssl_data_processing/gazza_minuta/2nd_sequencing_run//raw_fq_capture//Gmi-ABas_026-Ex1-b-cssl.1.fq.gz	9856980	9655479	2758670	2705740	2425134	2395283	2.04425	71.429	1.91868	10.3708	1.2309	75.6996
/home/e1garcia/shotgun_PIRE/pire_cssl_data_processing/gazza_minuta/2nd_sequencing_run//raw_fq_capture//Gmi-ABas_026-Ex1-b-cssl.2.fq.gz	9856980	9655479	2758670	2705740	2428727	2395283	2.04425	71.429	1.91868	10.238	1.37702	75.6996
/home/e1garcia/shotgun_PIRE/pire_cssl_data_processing/gazza_minuta/2nd_sequencing_run//raw_fq_capture//Gmi-ABas_027-Ex1-b-cssl.1.fq.gz	11121000	10877685	2972649	2914384	2629224	2603226	2.18789	72.672	1.96004	9.78457	0.988809	76.5918
/home/e1garcia/shotgun_PIRE/pire_cssl_data_processing/gazza_minuta/2nd_sequencing_run//raw_fq_capture//Gmi-ABas_027-Ex1-b-cssl.2.fq.gz	11121000	10877685	2972649	2914384	2632696	2603226	2.18789	72.672	1.96004	9.66544	1.11938	76.5918
/home/e1garcia/shotgun_PIRE/pire_cssl_data_processing/gazza_minuta/2nd_sequencing_run//raw_fq_capture//Gmi-ABas_028-Ex1-b-cssl2.1.fq.gz	9680605	9478674	2893141	2844378	2531866	2500923	2.08593	69.4774	1.68547	10.987	1.22214	74.1656
/home/e1garcia/shotgun_PIRE/pire_cssl_data_processing/gazza_minuta/2nd_sequencing_run//raw_fq_capture//Gmi-ABas_028-Ex1-b-cssl2.2.fq.gz	9680605	9478674	2893141	2844378	2534410	2500923	2.08593	69.4774	1.68547	10.8976	1.32129	74.1656
/home/e1garcia/shotgun_PIRE/pire_cssl_data_processing/gazza_minuta/2nd_sequencing_run//raw_fq_capture//Gmi-ABas_029-Ex1-b-cssl.1.fq.gz	9738844	9483914	2538346	2490890	2213258	2184371	2.61766	73.2352	1.86956	11.1459	1.30518	77.5705
/home/e1garcia/shotgun_PIRE/pire_cssl_data_processing/gazza_minuta/2nd_sequencing_run//raw_fq_capture//Gmi-ABas_029-Ex1-b-cssl.2.fq.gz	9738844	9483914	2538346	2490890	2217221	2184371	2.61766	73.2352	1.86956	10.9868	1.48158	77.5705
/home/e1garcia/shotgun_PIRE/pire_cssl_data_processing/gazza_minuta/2nd_sequencing_run//raw_fq_capture//Gmi-ABas_030-Ex1-b-cssl2.1.fq.gz	7949822	7790881	2397742	2355232	2020640	1984127	1.9993	69.2237	1.77292	14.2063	1.807	75.0419
/home/e1garcia/shotgun_PIRE/pire_cssl_data_processing/gazza_minuta/2nd_sequencing_run//raw_fq_capture//Gmi-ABas_030-Ex1-b-cssl2.2.fq.gz	7949822	7790881	2397742	2355232	2026134	1984127	1.9993	69.2237	1.77292	13.9731	2.07326	75.0419
/home/e1garcia/shotgun_PIRE/pire_cssl_data_processing/gazza_minuta/2nd_sequencing_run//raw_fq_capture//Gmi-ABas_031-Ex1-b-cssl.1.fq.gz	9673297	9466433	2578951	2531015	2254514	2226918	2.13851	72.7569	1.85874	10.9245	1.22403	76.9787
/home/e1garcia/shotgun_PIRE/pire_cssl_data_processing/gazza_minuta/2nd_sequencing_run//raw_fq_capture//Gmi-ABas_031-Ex1-b-cssl.2.fq.gz	9673297	9466433	2578951	2531015	2258388	2226918	2.13851	72.7569	1.85874	10.7714	1.39347	76.9787
/home/e1garcia/shotgun_PIRE/pire_cssl_data_processing/gazza_minuta/2nd_sequencing_run//raw_fq_capture//Gmi-ABas_032-Ex1-b-cssl.1.fq.gz	8860979	8695543	2446803	2407034	2104749	2073775	1.86702	71.8614	1.62535	12.5584	1.47162	76.5965
/home/e1garcia/shotgun_PIRE/pire_cssl_data_processing/gazza_minuta/2nd_sequencing_run//raw_fq_capture//Gmi-ABas_032-Ex1-b-cssl.2.fq.gz	8860979	8695543	2446803	2407034	2106818	2073775	1.86702	71.8614	1.62535	12.4724	1.56838	76.5965
/home/e1garcia/shotgun_PIRE/pire_cssl_data_processing/gazza_minuta/2nd_sequencing_run//raw_fq_capture//Gmi-ABas_033-Ex1-b-cssl2.1.fq.gz	8675376	8510308	2468298	2427489	2120169	2090220	1.90272	70.9964	1.65333	12.66	1.41258	75.9063
/home/e1garcia/shotgun_PIRE/pire_cssl_data_processing/gazza_minuta/2nd_sequencing_run//raw_fq_capture//Gmi-ABas_033-Ex1-b-cssl2.2.fq.gz	8675376	8510308	2468298	2427489	2122633	2090220	1.90272	70.9964	1.65333	12.5585	1.52702	75.9063
/home/e1garcia/shotgun_PIRE/pire_cssl_data_processing/gazza_minuta/2nd_sequencing_run//raw_fq_capture//Gmi-ABas_034-Ex1-b-cssl2.1.fq.gz	8070250	7951787	2069154	2035276	1834747	1816218	1.4679	73.9788	1.63729	9.85267	1.00989	77.4949
/home/e1garcia/shotgun_PIRE/pire_cssl_data_processing/gazza_minuta/2nd_sequencing_run//raw_fq_capture//Gmi-ABas_034-Ex1-b-cssl2.2.fq.gz	8070250	7951787	2069154	2035276	1835965	1816218	1.4679	73.9788	1.63729	9.79282	1.07557	77.4949
/home/e1garcia/shotgun_PIRE/pire_cssl_data_processing/gazza_minuta/2nd_sequencing_run//raw_fq_capture//Gmi-ABas_035-Ex1-b-cssl2.1.fq.gz	9583212	9350943	2958235	2910814	2397857	2340223	2.42371	68.3643	1.60302	17.6225	2.40356	75.58
/home/e1garcia/shotgun_PIRE/pire_cssl_data_processing/gazza_minuta/2nd_sequencing_run//raw_fq_capture//Gmi-ABas_035-Ex1-b-cssl2.2.fq.gz	9583212	9350943	2958235	2910814	2407306	2340223	2.42371	68.3643	1.60302	17.2978	2.78664	75.58
/home/e1garcia/shotgun_PIRE/pire_cssl_data_processing/gazza_minuta/2nd_sequencing_run//raw_fq_capture//Gmi-ABas_036-Ex1-b-cssl.1.fq.gz	9919592	9719875	2835971	2794767	2546668	2516312	2.01336	70.823	1.45291	8.87727	1.19199	74.6329
/home/e1garcia/shotgun_PIRE/pire_cssl_data_processing/gazza_minuta/2nd_sequencing_run//raw_fq_capture//Gmi-ABas_036-Ex1-b-cssl.2.fq.gz	9919592	9719875	2835971	2794767	2548609	2516312	2.01336	70.823	1.45291	8.80782	1.26724	74.6329
/home/e1garcia/shotgun_PIRE/pire_cssl_data_processing/gazza_minuta/2nd_sequencing_run//raw_fq_capture//Gmi-ABas_037-Ex1-b-cssl.1.fq.gz	13301508	13043085	3452794	3398179	3055926	3024726	1.94281	73.5278	1.58176	10.0717	1.02097	77.2603
/home/e1garcia/shotgun_PIRE/pire_cssl_data_processing/gazza_minuta/2nd_sequencing_run//raw_fq_capture//Gmi-ABas_037-Ex1-b-cssl.2.fq.gz	13301508	13043085	3452794	3398179	3057130	3024726	1.94281	73.5278	1.58176	10.0362	1.05995	77.2603
/home/e1garcia/shotgun_PIRE/pire_cssl_data_processing/gazza_minuta/2nd_sequencing_run//raw_fq_capture//Gmi-ABas_038-Ex1-b-cssl.1.fq.gz	9951853	9766382	2803901	2761519	2405854	2367451	1.86368	71.2903	1.51154	12.8793	1.59623	76.211
/home/e1garcia/shotgun_PIRE/pire_cssl_data_processing/gazza_minuta/2nd_sequencing_run//raw_fq_capture//Gmi-ABas_038-Ex1-b-cssl.2.fq.gz	9951853	9766382	2803901	2761519	2409637	2367451	1.86368	71.2903	1.51154	12.7423	1.75072	76.211
/home/e1garcia/shotgun_PIRE/pire_cssl_data_processing/gazza_minuta/2nd_sequencing_run//raw_fq_capture//Gmi-ABas_039-Ex1-b-cssl.1.fq.gz	7823712	7674238	2266015	2231636	1923940	1889457	1.91053	70.4724	1.51716	13.7879	1.79231	75.8496
/home/e1garcia/shotgun_PIRE/pire_cssl_data_processing/gazza_minuta/2nd_sequencing_run//raw_fq_capture//Gmi-ABas_039-Ex1-b-cssl.2.fq.gz	7823712	7674238	2266015	2231636	1928148	1889457	1.91053	70.4724	1.51716	13.5994	2.00664	75.8496
/home/e1garcia/shotgun_PIRE/pire_cssl_data_processing/gazza_minuta/2nd_sequencing_run//raw_fq_capture//Gmi-ABas_040-Ex1-b-cssl.1.fq.gz	11109294	10925859	2751038	2704783	2442114	2414011	1.65119	74.8209	1.68137	9.71128	1.15077	78.2703
/home/e1garcia/shotgun_PIRE/pire_cssl_data_processing/gazza_minuta/2nd_sequencing_run//raw_fq_capture//Gmi-ABas_040-Ex1-b-cssl.2.fq.gz	11109294	10925859	2751038	2704783	2444411	2414011	1.65119	74.8209	1.68137	9.62635	1.24365	78.2703
/home/e1garcia/shotgun_PIRE/pire_cssl_data_processing/gazza_minuta/2nd_sequencing_run//raw_fq_capture//Gmi-ABas_041-Ex1-b-cssl.1.fq.gz	11287756	11079614	3248269	3192924	2800537	2760271	1.84396	70.6825	1.70383	12.2893	1.4378	75.5463
/home/e1garcia/shotgun_PIRE/pire_cssl_data_processing/gazza_minuta/2nd_sequencing_run//raw_fq_capture//Gmi-ABas_041-Ex1-b-cssl.2.fq.gz	11287756	11079614	3248269	3192924	2803671	2760271	1.84396	70.6825	1.70383	12.1911	1.54797	75.5463
/home/e1garcia/shotgun_PIRE/pire_cssl_data_processing/gazza_minuta/2nd_sequencing_run//raw_fq_capture//Gmi-ABas_042-Ex1-b-cssl.1.fq.gz	8991718	8829192	2387826	2348458	2139610	2118516	1.80751	72.9553	1.6487	8.89298	0.985881	76.4393
/home/e1garcia/shotgun_PIRE/pire_cssl_data_processing/gazza_minuta/2nd_sequencing_run//raw_fq_capture//Gmi-ABas_042-Ex1-b-cssl.2.fq.gz	8991718	8829192	2387826	2348458	2140967	2118516	1.80751	72.9553	1.6487	8.8352	1.04864	76.4393
/home/e1garcia/shotgun_PIRE/pire_cssl_data_processing/gazza_minuta/2nd_sequencing_run//raw_fq_capture//Gmi-ABas_043-Ex1-b-cssl.1.fq.gz	8987145	8813799	2588677	2547766	2252395	2217943	1.92882	70.6293	1.58038	11.5933	1.52957	75.3209
/home/e1garcia/shotgun_PIRE/pire_cssl_data_processing/gazza_minuta/2nd_sequencing_run//raw_fq_capture//Gmi-ABas_043-Ex1-b-cssl.2.fq.gz	8987145	8813799	2588677	2547766	2255610	2217943	1.92882	70.6293	1.58038	11.4671	1.66993	75.3209
/home/e1garcia/shotgun_PIRE/pire_cssl_data_processing/gazza_minuta/2nd_sequencing_run//raw_fq_capture//Gmi-ABas_045-Ex1-b-cssl2.1.fq.gz	16766178	16494541	7602663	7526262	7418514	7402422	1.62015	53.908	1.00492	1.43163	0.216917	55.8491
/home/e1garcia/shotgun_PIRE/pire_cssl_data_processing/gazza_minuta/2nd_sequencing_run//raw_fq_capture//Gmi-ABas_045-Ex1-b-cssl2.2.fq.gz	16766178	16494541	7602663	7526262	7417708	7402422	1.62015	53.908	1.00492	1.44234	0.206074	55.8491
/home/e1garcia/shotgun_PIRE/pire_cssl_data_processing/gazza_minuta/2nd_sequencing_run//raw_fq_capture//Gmi-ABas_046-Ex1-b-cssl.1.fq.gz	12768959	12518643	3403147	3350754	3000059	2965234	1.96035	72.8154	1.53955	10.4662	1.16081	76.7778
/home/e1garcia/shotgun_PIRE/pire_cssl_data_processing/gazza_minuta/2nd_sequencing_run//raw_fq_capture//Gmi-ABas_046-Ex1-b-cssl.2.fq.gz	12768959	12518643	3403147	3350754	3002387	2965234	1.96035	72.8154	1.53955	10.3967	1.23745	76.7778
/home/e1garcia/shotgun_PIRE/pire_cssl_data_processing/gazza_minuta/2nd_sequencing_run//raw_fq_capture//Gmi-ABas_047-Ex1-b-cssl2.1.fq.gz	9581740	9425126	2581499	2541469	2278838	2252842	1.6345	72.6105	1.55065	10.3338	1.14076	76.4882
/home/e1garcia/shotgun_PIRE/pire_cssl_data_processing/gazza_minuta/2nd_sequencing_run//raw_fq_capture//Gmi-ABas_047-Ex1-b-cssl2.2.fq.gz	9581740	9425126	2581499	2541469	2280333	2252842	1.6345	72.6105	1.55065	10.275	1.20557	76.4882
/home/e1garcia/shotgun_PIRE/pire_cssl_data_processing/gazza_minuta/2nd_sequencing_run//raw_fq_capture//Gmi-ABas_048-Ex1-b-cssl.1.fq.gz	10252711	10025549	2761968	2715996	2354695	2311509	2.21563	72.4507	1.66447	13.3027	1.83404	77.4547
/home/e1garcia/shotgun_PIRE/pire_cssl_data_processing/gazza_minuta/2nd_sequencing_run//raw_fq_capture//Gmi-ABas_048-Ex1-b-cssl.2.fq.gz	10252711	10025549	2761968	2715996	2359438	2311509	2.21563	72.4507	1.66447	13.1281	2.03137	77.4547
/home/e1garcia/shotgun_PIRE/pire_cssl_data_processing/gazza_minuta/2nd_sequencing_run//raw_fq_capture//Gmi-ABas_049-Ex1-b-cssl2.1.fq.gz	21875288	21472447	9761604	9643325	9491555	9467478	1.84153	54.5389	1.21168	1.57383	0.253668	56.7207
/home/e1garcia/shotgun_PIRE/pire_cssl_data_processing/gazza_minuta/2nd_sequencing_run//raw_fq_capture//Gmi-ABas_049-Ex1-b-cssl2.2.fq.gz	21875288	21472447	9761604	9643325	9489368	9467478	1.84153	54.5389	1.21168	1.59651	0.230679	56.7207
/home/e1garcia/shotgun_PIRE/pire_cssl_data_processing/gazza_minuta/2nd_sequencing_run//raw_fq_capture//Gmi-ABas_050-Ex1-b-cssl.1.fq.gz	13990708	13703957	4102190	4023443	3537942	3487712	2.04958	70.0657	1.91963	12.0668	1.41975	75.0712
/home/e1garcia/shotgun_PIRE/pire_cssl_data_processing/gazza_minuta/2nd_sequencing_run//raw_fq_capture//Gmi-ABas_050-Ex1-b-cssl.2.fq.gz	13990708	13703957	4102190	4023443	3544529	3487712	2.04958	70.0657	1.91963	11.9031	1.60295	75.0712
/home/e1garcia/shotgun_PIRE/pire_cssl_data_processing/gazza_minuta/2nd_sequencing_run//raw_fq_capture//Gmi-ABas_051-Ex1-b-cssl.1.fq.gz	13917174	13646065	3799162	3725724	3306601	3259809	1.94802	72.1593	1.93301	11.2494	1.41511	76.5771
/home/e1garcia/shotgun_PIRE/pire_cssl_data_processing/gazza_minuta/2nd_sequencing_run//raw_fq_capture//Gmi-ABas_051-Ex1-b-cssl.2.fq.gz	13917174	13646065	3799162	3725724	3312779	3259809	1.94802	72.1593	1.93301	11.0836	1.59896	76.5771
/home/e1garcia/shotgun_PIRE/pire_cssl_data_processing/gazza_minuta/2nd_sequencing_run//raw_fq_capture//Gmi-ABas_052-Ex1-b-cssl.1.fq.gz	13920797	13604202	3946963	3873722	3477325	3435414	2.27426	70.9872	1.85563	10.233	1.20527	75.3217
/home/e1garcia/shotgun_PIRE/pire_cssl_data_processing/gazza_minuta/2nd_sequencing_run//raw_fq_capture//Gmi-ABas_052-Ex1-b-cssl.2.fq.gz	13920797	13604202	3946963	3873722	3480878	3435414	2.27426	70.9872	1.85563	10.1413	1.30611	75.3217
/home/e1garcia/shotgun_PIRE/pire_cssl_data_processing/gazza_minuta/2nd_sequencing_run//raw_fq_capture//Gmi-ABas_053-Ex1-b-cssl.1.fq.gz	20830932	20472956	5071436	4974386	4532315	4494141	1.71848	75.2286	1.91366	8.88695	0.842263	78.4256
/home/e1garcia/shotgun_PIRE/pire_cssl_data_processing/gazza_minuta/2nd_sequencing_run//raw_fq_capture//Gmi-ABas_053-Ex1-b-cssl.2.fq.gz	20830932	20472956	5071436	4974386	4534987	4494141	1.71848	75.2286	1.91366	8.83323	0.900686	78.4256
/home/e1garcia/shotgun_PIRE/pire_cssl_data_processing/gazza_minuta/2nd_sequencing_run//raw_fq_capture//Gmi-ABas_055-Ex1-b-cssl2.1.fq.gz	15380971	15068233	4152332	4076067	3626396	3576219	2.03328	72.4431	1.83668	11.032	1.38366	76.7491
/home/e1garcia/shotgun_PIRE/pire_cssl_data_processing/gazza_minuta/2nd_sequencing_run//raw_fq_capture//Gmi-ABas_055-Ex1-b-cssl2.2.fq.gz	15380971	15068233	4152332	4076067	3631033	3576219	2.03328	72.4431	1.83668	10.9182	1.5096	76.7491
/home/e1garcia/shotgun_PIRE/pire_cssl_data_processing/gazza_minuta/2nd_sequencing_run//raw_fq_capture//Gmi-ABas_056-Ex1-b-cssl.1.fq.gz	15463153	15186840	3788076	3715119	3361018	3327153	1.78691	75.0569	1.92596	9.53135	1.00758	78.4833
/home/e1garcia/shotgun_PIRE/pire_cssl_data_processing/gazza_minuta/2nd_sequencing_run//raw_fq_capture//Gmi-ABas_056-Ex1-b-cssl.2.fq.gz	15463153	15186840	3788076	3715119	3364122	3327153	1.78691	75.0569	1.92596	9.4478	1.09892	78.4833
/home/e1garcia/shotgun_PIRE/pire_cssl_data_processing/gazza_minuta/2nd_sequencing_run//raw_fq_capture//Gmi-ABas_057-Ex1-b-cssl.1.fq.gz	15028361	14717749	4081545	4003087	3498200	3443943	2.06684	72.2679	1.92226	12.6124	1.551	77.0837
/home/e1garcia/shotgun_PIRE/pire_cssl_data_processing/gazza_minuta/2nd_sequencing_run//raw_fq_capture//Gmi-ABas_057-Ex1-b-cssl.2.fq.gz	15028361	14717749	4081545	4003087	3505959	3443943	2.06684	72.2679	1.92226	12.4186	1.76887	77.0837
/home/e1garcia/shotgun_PIRE/pire_cssl_data_processing/gazza_minuta/2nd_sequencing_run//raw_fq_capture//Gmi-ABas_058-Ex1-b-cssl2.1.fq.gz	9724950	9488549	2627362	2583412	2288696	2264052	2.43087	72.3102	1.67278	11.408	1.07677	76.7191
/home/e1garcia/shotgun_PIRE/pire_cssl_data_processing/gazza_minuta/2nd_sequencing_run//raw_fq_capture//Gmi-ABas_058-Ex1-b-cssl2.2.fq.gz	9724950	9488549	2627362	2583412	2290830	2264052	2.43087	72.3102	1.67278	11.3254	1.16892	76.7191
/home/e1garcia/shotgun_PIRE/pire_cssl_data_processing/gazza_minuta/2nd_sequencing_run//raw_fq_capture//Gmi-ABas_059-Ex1-b-cssl2.1.fq.gz	9310062	9090764	2680415	2632626	2340508	2315376	2.35549	70.515	1.7829	11.0961	1.07378	75.1304
/home/e1garcia/shotgun_PIRE/pire_cssl_data_processing/gazza_minuta/2nd_sequencing_run//raw_fq_capture//Gmi-ABas_059-Ex1-b-cssl2.2.fq.gz	9310062	9090764	2680415	2632626	2342812	2315376	2.35549	70.515	1.7829	11.0086	1.17107	75.1304
/home/e1garcia/shotgun_PIRE/pire_cssl_data_processing/gazza_minuta/2nd_sequencing_run//raw_fq_capture//Gmi-ABas_060-Ex1-b-cssl2.1.fq.gz	9535436	9340670	2891176	2845911	2608727	2589378	2.04255	69.0474	1.56563	8.3342	0.741703	72.8447
/home/e1garcia/shotgun_PIRE/pire_cssl_data_processing/gazza_minuta/2nd_sequencing_run//raw_fq_capture//Gmi-ABas_060-Ex1-b-cssl2.2.fq.gz	9535436	9340670	2891176	2845911	2610293	2589378	2.04255	69.0474	1.56563	8.27918	0.801251	72.8447
/home/e1garcia/shotgun_PIRE/pire_cssl_data_processing/gazza_minuta/2nd_sequencing_run//raw_fq_capture//Gmi-ABas_061-Ex1-b-cssl.1.fq.gz	10094307	9805857	2584153	2537570	2240180	2213912	2.85755	73.6468	1.80264	11.7195	1.17258	78.0677
/home/e1garcia/shotgun_PIRE/pire_cssl_data_processing/gazza_minuta/2nd_sequencing_run//raw_fq_capture//Gmi-ABas_061-Ex1-b-cssl.2.fq.gz	10094307	9805857	2584153	2537570	2243156	2213912	2.85755	73.6468	1.80264	11.6022	1.3037	78.0677
/home/e1garcia/shotgun_PIRE/pire_cssl_data_processing/gazza_minuta/2nd_sequencing_run//raw_fq_capture//Gmi-AHam_001-Ex1-cssl2.1.fq.gz	6670863	6538645	3739640	3701670	3208434	3172342	1.98202	42.8071	1.01534	13.3247	1.12491	52.4448
/home/e1garcia/shotgun_PIRE/pire_cssl_data_processing/gazza_minuta/2nd_sequencing_run//raw_fq_capture//Gmi-AHam_001-Ex1-cssl2.2.fq.gz	6670863	6538645	3739640	3701670	3210331	3172342	1.98202	42.8071	1.01534	13.2734	1.18334	52.4448
/home/e1garcia/shotgun_PIRE/pire_cssl_data_processing/gazza_minuta/2nd_sequencing_run//raw_fq_capture//Gmi-AHam_002-Ex1-cssl2.1.fq.gz	11002708	10783154	4518687	4455065	4074623	4019974	1.99545	58.0949	1.40798	8.53954	1.3412	63.4638
/home/e1garcia/shotgun_PIRE/pire_cssl_data_processing/gazza_minuta/2nd_sequencing_run//raw_fq_capture//Gmi-AHam_002-Ex1-cssl2.2.fq.gz	11002708	10783154	4518687	4455065	4079559	4019974	1.99545	58.0949	1.40798	8.42874	1.46057	63.4638
/home/e1garcia/shotgun_PIRE/pire_cssl_data_processing/gazza_minuta/2nd_sequencing_run//raw_fq_capture//Gmi-AHam_005-Ex1-cssl.1.fq.gz	9474323	9265955	4629420	4578314	3992471	3907647	2.19929	50.0384	1.10394	12.796	2.1246	58.7554
/home/e1garcia/shotgun_PIRE/pire_cssl_data_processing/gazza_minuta/2nd_sequencing_run//raw_fq_capture//Gmi-AHam_005-Ex1-cssl.2.fq.gz	9474323	9265955	4629420	4578314	4000560	3907647	2.19929	50.0384	1.10394	12.6194	2.3225	58.7554
/home/e1garcia/shotgun_PIRE/pire_cssl_data_processing/gazza_minuta/2nd_sequencing_run//raw_fq_capture//Gmi-AHam_006-Ex1-cssl.1.fq.gz	16644182	16365013	8399165	8323855	8096031	8061583	1.67728	48.6761	0.896637	2.737	0.425492	51.5652
/home/e1garcia/shotgun_PIRE/pire_cssl_data_processing/gazza_minuta/2nd_sequencing_run//raw_fq_capture//Gmi-AHam_006-Ex1-cssl.2.fq.gz	16644182	16365013	8399165	8323855	8097075	8061583	1.67728	48.6761	0.896637	2.72446	0.438331	51.5652
/home/e1garcia/shotgun_PIRE/pire_cssl_data_processing/gazza_minuta/2nd_sequencing_run//raw_fq_capture//Gmi-AHam_007-Ex1-cssl.1.fq.gz	27882734	27317267	13432034	13312471	12935568	12886608	2.02802	50.8295	0.890133	2.8312	0.378491	53.7828
/home/e1garcia/shotgun_PIRE/pire_cssl_data_processing/gazza_minuta/2nd_sequencing_run//raw_fq_capture//Gmi-AHam_007-Ex1-cssl.2.fq.gz	27882734	27317267	13432034	13312471	12940608	12886608	2.02802	50.8295	0.890133	2.79334	0.417291	53.7828
/home/e1garcia/shotgun_PIRE/pire_cssl_data_processing/gazza_minuta/2nd_sequencing_run//raw_fq_capture//Gmi-AHam_008-Ex1-cssl.1.fq.gz	17870295	17636109	9556266	9471900	9194538	9143803	1.31048	45.8142	0.882834	2.92826	0.551795	48.8324
/home/e1garcia/shotgun_PIRE/pire_cssl_data_processing/gazza_minuta/2nd_sequencing_run//raw_fq_capture//Gmi-AHam_008-Ex1-cssl.2.fq.gz	17870295	17636109	9556266	9471900	9195475	9143803	1.31048	45.8142	0.882834	2.91837	0.561929	48.8324
/home/e1garcia/shotgun_PIRE/pire_cssl_data_processing/gazza_minuta/2nd_sequencing_run//raw_fq_capture//Gmi-AHam_009-Ex1-cssl.1.fq.gz	14864931	14621573	7919737	7830293	7484630	7422975	1.63713	45.8353	1.12938	4.41443	0.823755	50.0638
/home/e1garcia/shotgun_PIRE/pire_cssl_data_processing/gazza_minuta/2nd_sequencing_run//raw_fq_capture//Gmi-AHam_009-Ex1-cssl.2.fq.gz	14864931	14621573	7919737	7830293	7484920	7422975	1.63713	45.8353	1.12938	4.41073	0.827597	50.0638
/home/e1garcia/shotgun_PIRE/pire_cssl_data_processing/gazza_minuta/2nd_sequencing_run//raw_fq_capture//Gmi-AHam_012-Ex1-cssl.1.fq.gz	12323494	12100320	6701191	6636447	6167310	6084658	1.81096	44.6197	0.966157	7.0691	1.34016	50.6255
/home/e1garcia/shotgun_PIRE/pire_cssl_data_processing/gazza_minuta/2nd_sequencing_run//raw_fq_capture//Gmi-AHam_012-Ex1-cssl.2.fq.gz	12323494	12100320	6701191	6636447	6167253	6084658	1.81096	44.6197	0.966157	7.06996	1.33925	50.6255
/home/e1garcia/shotgun_PIRE/pire_cssl_data_processing/gazza_minuta/2nd_sequencing_run//raw_fq_capture//Gmi-AHam_013-Ex1-cssl2.1.fq.gz	9602533	9421866	3948196	3896521	3580836	3530560	1.88145	58.0954	1.30883	8.10171	1.40403	63.233
/home/e1garcia/shotgun_PIRE/pire_cssl_data_processing/gazza_minuta/2nd_sequencing_run//raw_fq_capture//Gmi-AHam_013-Ex1-cssl2.2.fq.gz	9602533	9421866	3948196	3896521	3583222	3530560	1.88145	58.0954	1.30883	8.04048	1.46968	63.233
/home/e1garcia/shotgun_PIRE/pire_cssl_data_processing/gazza_minuta/2nd_sequencing_run//raw_fq_capture//Gmi-AHam_015-Ex1-cssl2.1.fq.gz	6669801	6530497	3477888	3437723	2646526	2592167	2.08858	46.7439	1.15487	23.0151	2.05398	61.1358
/home/e1garcia/shotgun_PIRE/pire_cssl_data_processing/gazza_minuta/2nd_sequencing_run//raw_fq_capture//Gmi-AHam_015-Ex1-cssl2.2.fq.gz	6669801	6530497	3477888	3437723	2658230	2592167	2.08858	46.7439	1.15487	22.6747	2.48523	61.1358
/home/e1garcia/shotgun_PIRE/pire_cssl_data_processing/gazza_minuta/2nd_sequencing_run//raw_fq_capture//Gmi-AHam_016-Ex1-cssl2.1.fq.gz	9414499	9214986	5477366	5430176	5243034	5223883	2.11921	40.5602	0.861545	3.44633	0.365266	44.5124
/home/e1garcia/shotgun_PIRE/pire_cssl_data_processing/gazza_minuta/2nd_sequencing_run//raw_fq_capture//Gmi-AHam_016-Ex1-cssl2.2.fq.gz	9414499	9214986	5477366	5430176	5243567	5223883	2.11921	40.5602	0.861545	3.43652	0.375393	44.5124
/home/e1garcia/shotgun_PIRE/pire_cssl_data_processing/gazza_minuta/2nd_sequencing_run//raw_fq_capture//Gmi-AHam_019-Ex1-cssl.1.fq.gz	10370576	10224008	5823307	5773207	5405405	5339070	1.41331	43.0428	0.860336	6.37084	1.2272	48.5171
/home/e1garcia/shotgun_PIRE/pire_cssl_data_processing/gazza_minuta/2nd_sequencing_run//raw_fq_capture//Gmi-AHam_019-Ex1-cssl.2.fq.gz	10370576	10224008	5823307	5773207	5405254	5339070	1.41331	43.0428	0.860336	6.37346	1.22444	48.5171
/home/e1garcia/shotgun_PIRE/pire_cssl_data_processing/gazza_minuta/2nd_sequencing_run//raw_fq_capture//Gmi-AHam_020-Ex1-cssl.1.fq.gz	13165664	12993191	7091608	7025931	6664868	6594361	1.31002	45.4206	0.926123	5.13901	1.05789	49.9124
/home/e1garcia/shotgun_PIRE/pire_cssl_data_processing/gazza_minuta/2nd_sequencing_run//raw_fq_capture//Gmi-AHam_020-Ex1-cssl.2.fq.gz	13165664	12993191	7091608	7025931	6664346	6594361	1.31002	45.4206	0.926123	5.14644	1.05014	49.9124
/home/e1garcia/shotgun_PIRE/pire_cssl_data_processing/gazza_minuta/2nd_sequencing_run//raw_fq_capture//Gmi-AHam_021-Ex1-cssl.1.fq.gz	12816638	12615289	7022259	6950524	6499883	6418447	1.571	44.3353	1.02154	6.48355	1.25288	49.921
/home/e1garcia/shotgun_PIRE/pire_cssl_data_processing/gazza_minuta/2nd_sequencing_run//raw_fq_capture//Gmi-AHam_021-Ex1-cssl.2.fq.gz	12816638	12615289	7022259	6950524	6501759	6418447	1.571	44.3353	1.02154	6.45656	1.28138	49.921
/home/e1garcia/shotgun_PIRE/pire_cssl_data_processing/gazza_minuta/2nd_sequencing_run//raw_fq_capture//Gmi-AHam_022-Ex1-cssl.1.fq.gz	7745933	7602354	4663454	4620063	4317534	4263799	1.8536	38.6578	0.930448	6.54816	1.24458	44.9544
/home/e1garcia/shotgun_PIRE/pire_cssl_data_processing/gazza_minuta/2nd_sequencing_run//raw_fq_capture//Gmi-AHam_022-Ex1-cssl.2.fq.gz	7745933	7602354	4663454	4620063	4318432	4263799	1.8536	38.6578	0.930448	6.52872	1.26511	44.9544
/home/e1garcia/shotgun_PIRE/pire_cssl_data_processing/gazza_minuta/2nd_sequencing_run//raw_fq_capture//Gmi-AHam_023-Ex1-cssl.1.fq.gz	11754281	11506411	5377978	5313933	4707053	4614501	2.10876	53.261	1.19088	11.4205	1.96624	60.742
/home/e1garcia/shotgun_PIRE/pire_cssl_data_processing/gazza_minuta/2nd_sequencing_run//raw_fq_capture//Gmi-AHam_023-Ex1-cssl.2.fq.gz	11754281	11506411	5377978	5313933	4713951	4614501	2.10876	53.261	1.19088	11.2907	2.1097	60.742
/home/e1garcia/shotgun_PIRE/pire_cssl_data_processing/gazza_minuta/2nd_sequencing_run//raw_fq_capture//Gmi-AHam_024-Ex1-cssl.1.fq.gz	19225101	18832043	10240497	10148910	9864193	9818208	2.0445	45.622	0.894361	2.80539	0.466181	48.9303
/home/e1garcia/shotgun_PIRE/pire_cssl_data_processing/gazza_minuta/2nd_sequencing_run//raw_fq_capture//Gmi-AHam_024-Ex1-cssl.2.fq.gz	19225101	18832043	10240497	10148910	9864760	9818208	2.0445	45.622	0.894361	2.79981	0.471902	48.9303
/home/e1garcia/shotgun_PIRE/pire_cssl_data_processing/gazza_minuta/2nd_sequencing_run//raw_fq_capture//Gmi-AHam_025-Ex1-cssl.1.fq.gz	6866547	6749826	4132160	4094829	3865035	3820658	1.69985	38.7812	0.903426	5.61181	1.14817	44.3584
/home/e1garcia/shotgun_PIRE/pire_cssl_data_processing/gazza_minuta/2nd_sequencing_run//raw_fq_capture//Gmi-AHam_025-Ex1-cssl.2.fq.gz	6866547	6749826	4132160	4094829	3865572	3820658	1.69985	38.7812	0.903426	5.5987	1.1619	44.3584
/home/e1garcia/shotgun_PIRE/pire_cssl_data_processing/gazza_minuta/2nd_sequencing_run//raw_fq_capture//Gmi-AHam_034-Ex1-cssl.1.fq.gz	18163442	17735927	9968539	9870311	9378836	9317049	2.35371	43.7947	0.98538	4.97933	0.658792	48.7044
/home/e1garcia/shotgun_PIRE/pire_cssl_data_processing/gazza_minuta/2nd_sequencing_run//raw_fq_capture//Gmi-AHam_034-Ex1-cssl.2.fq.gz	18163442	17735927	9968539	9870311	9388636	9317049	2.35371	43.7947	0.98538	4.88004	0.762486	48.7044
/home/e1garcia/shotgun_PIRE/pire_cssl_data_processing/gazza_minuta/2nd_sequencing_run//raw_fq_capture//Gmi-AHam_036-Ex1-cssl.1.fq.gz	13368059	13119544	6918177	6851826	6606574	6566007	1.85902	47.2682	0.959082	3.57937	0.61404	50.8829
/home/e1garcia/shotgun_PIRE/pire_cssl_data_processing/gazza_minuta/2nd_sequencing_run//raw_fq_capture//Gmi-AHam_036-Ex1-cssl.2.fq.gz	13368059	13119544	6918177	6851826	6607689	6566007	1.85902	47.2682	0.959082	3.56309	0.630811	50.8829
/home/e1garcia/shotgun_PIRE/pire_cssl_data_processing/gazza_minuta/2nd_sequencing_run//raw_fq_capture//Gmi-AHam_038-Ex1-cssl.1.fq.gz	5602191	5496754	3370373	3339872	3118414	3080426	1.88207	38.6843	0.904974	6.63073	1.21818	45.0139
/home/e1garcia/shotgun_PIRE/pire_cssl_data_processing/gazza_minuta/2nd_sequencing_run//raw_fq_capture//Gmi-AHam_038-Ex1-cssl.2.fq.gz	5602191	5496754	3370373	3339872	3119206	3080426	1.88207	38.6843	0.904974	6.60702	1.24327	45.0139
/home/e1garcia/shotgun_PIRE/pire_cssl_data_processing/gazza_minuta/2nd_sequencing_run//raw_fq_capture//Gmi-AHam_040-Ex1-cssl.1.fq.gz	22005562	21668710	11262129	11135026	10851773	10805099	1.53076	48.0258	1.12859	2.5438	0.430105	50.8983
/home/e1garcia/shotgun_PIRE/pire_cssl_data_processing/gazza_minuta/2nd_sequencing_run//raw_fq_capture//Gmi-AHam_040-Ex1-cssl.2.fq.gz	22005562	21668710	11262129	11135026	10852229	10805099	1.53076	48.0258	1.12859	2.53971	0.434289	50.8983
/home/e1garcia/shotgun_PIRE/pire_cssl_data_processing/gazza_minuta/2nd_sequencing_run//raw_fq_capture//Gmi-AHam_043-Ex1-cssl.1.fq.gz	12559697	12403291	6758810	6698621	6490988	6455769	1.2453	45.5079	0.890527	3.09964	0.542583	48.5993
/home/e1garcia/shotgun_PIRE/pire_cssl_data_processing/gazza_minuta/2nd_sequencing_run//raw_fq_capture//Gmi-AHam_043-Ex1-cssl.2.fq.gz	12559697	12403291	6758810	6698621	6491204	6455769	1.2453	45.5079	0.890527	3.09641	0.545893	48.5993
/home/e1garcia/shotgun_PIRE/pire_cssl_data_processing/gazza_minuta/2nd_sequencing_run//raw_fq_capture//Gmi-AHam_044-Ex1-cssl.1.fq.gz	18499066	18188586	9531175	9447861	9151243	9110698	1.67836	47.598	0.874121	3.13953	0.443055	50.7505
/home/e1garcia/shotgun_PIRE/pire_cssl_data_processing/gazza_minuta/2nd_sequencing_run//raw_fq_capture//Gmi-AHam_044-Ex1-cssl.2.fq.gz	18499066	18188586	9531175	9447861	9151810	9110698	1.67836	47.598	0.874121	3.13352	0.449223	50.7505
/home/e1garcia/shotgun_PIRE/pire_cssl_data_processing/gazza_minuta/2nd_sequencing_run//raw_fq_capture//Gmi-AHam_045-Ex1-cssl.1.fq.gz	26977031	26490343	13772077	13631362	13175845	13098546	1.80408	48.011	1.02174	3.34168	0.586672	51.4456
/home/e1garcia/shotgun_PIRE/pire_cssl_data_processing/gazza_minuta/2nd_sequencing_run//raw_fq_capture//Gmi-AHam_045-Ex1-cssl.2.fq.gz	26977031	26490343	13772077	13631362	13175711	13098546	1.80408	48.011	1.02174	3.34267	0.585661	51.4456
/home/e1garcia/shotgun_PIRE/pire_cssl_data_processing/gazza_minuta/2nd_sequencing_run//raw_fq_capture//Gmi-AHam_046-Ex1-cssl.1.fq.gz	19812951	19452085	10641427	10543980	10211101	10152364	1.82136	45.2942	0.915732	3.15705	0.575227	48.759
/home/e1garcia/shotgun_PIRE/pire_cssl_data_processing/gazza_minuta/2nd_sequencing_run//raw_fq_capture//Gmi-AHam_046-Ex1-cssl.2.fq.gz	19812951	19452085	10641427	10543980	10211205	10152364	1.82136	45.2942	0.915732	3.15607	0.57624	48.759
/home/e1garcia/shotgun_PIRE/pire_cssl_data_processing/gazza_minuta/2nd_sequencing_run//raw_fq_capture//Gmi-AHam_047-Ex1-cssl.1.fq.gz	19437425	19100260	10929097	10830680	10593321	10548633	1.73462	42.7804	0.900504	2.19154	0.421851	45.7303
/home/e1garcia/shotgun_PIRE/pire_cssl_data_processing/gazza_minuta/2nd_sequencing_run//raw_fq_capture//Gmi-AHam_047-Ex1-cssl.2.fq.gz	19437425	19100260	10929097	10830680	10593198	10548633	1.73462	42.7804	0.900504	2.19268	0.420694	45.7303
/home/e1garcia/shotgun_PIRE/pire_cssl_data_processing/gazza_minuta/2nd_sequencing_run//raw_fq_capture//Gmi-AHam_048-Ex1-cssl.1.fq.gz	25605864	25092384	12694141	12577540	12352969	12326209	2.00532	49.4104	0.918542	1.78549	0.216628	51.8618
/home/e1garcia/shotgun_PIRE/pire_cssl_data_processing/gazza_minuta/2nd_sequencing_run//raw_fq_capture//Gmi-AHam_048-Ex1-cssl.2.fq.gz	25605864	25092384	12694141	12577540	12355420	12326209	2.00532	49.4104	0.918542	1.76601	0.236423	51.8618
/home/e1garcia/shotgun_PIRE/pire_cssl_data_processing/gazza_minuta/2nd_sequencing_run//raw_fq_capture//Gmi-AHam_049-Ex1-cssl.1.fq.gz	13155001	12857431	6834719	6772592	6620051	6602548	2.26203	46.8423	0.908991	2.25233	0.264394	49.8096
/home/e1garcia/shotgun_PIRE/pire_cssl_data_processing/gazza_minuta/2nd_sequencing_run//raw_fq_capture//Gmi-AHam_049-Ex1-cssl.2.fq.gz	13155001	12857431	6834719	6772592	6621874	6602548	2.26203	46.8423	0.908991	2.22541	0.291851	49.8096
/home/e1garcia/shotgun_PIRE/pire_cssl_data_processing/gazza_minuta/2nd_sequencing_run//raw_fq_capture//Gmi-AHam_050-Ex1-cssl.1.fq.gz	7637376	7493530	4513777	4471801	4162060	4106356	1.88345	39.7643	0.929953	6.92654	1.33838	46.2334
/home/e1garcia/shotgun_PIRE/pire_cssl_data_processing/gazza_minuta/2nd_sequencing_run//raw_fq_capture//Gmi-AHam_050-Ex1-cssl.2.fq.gz	7637376	7493530	4513777	4471801	4164392	4106356	1.88345	39.7643	0.929953	6.87439	1.39362	46.2334
/home/e1garcia/shotgun_PIRE/pire_cssl_data_processing/gazza_minuta/2nd_sequencing_run//raw_fq_capture//Gmi-AHam_051-Ex1-cssl.1.fq.gz	13933360	13677790	7605542	7526571	7268833	7219171	1.83423	44.3949	1.03833	3.42437	0.683218	48.1879
/home/e1garcia/shotgun_PIRE/pire_cssl_data_processing/gazza_minuta/2nd_sequencing_run//raw_fq_capture//Gmi-AHam_051-Ex1-cssl.2.fq.gz	13933360	13677790	7605542	7526571	7268069	7219171	1.83423	44.3949	1.03833	3.43453	0.672778	48.1879
/home/e1garcia/shotgun_PIRE/pire_cssl_data_processing/gazza_minuta/2nd_sequencing_run//raw_fq_capture//Gmi-AHam_052-Ex1-cssl.1.fq.gz	8506526	8255295	4070612	4015305	3473343	3394132	2.95339	50.6909	1.35869	13.4974	2.28054	60.0997
/home/e1garcia/shotgun_PIRE/pire_cssl_data_processing/gazza_minuta/2nd_sequencing_run//raw_fq_capture//Gmi-AHam_052-Ex1-cssl.2.fq.gz	8506526	8255295	4070612	4015305	3486864	3394132	2.95339	50.6909	1.35869	13.1607	2.65947	60.0997
/home/e1garcia/shotgun_PIRE/pire_cssl_data_processing/gazza_minuta/2nd_sequencing_run//raw_fq_capture//Gmi-AHam_053-Ex1-cssl.1.fq.gz	8984378	8758660	4992481	4949530	4687409	4641612	2.51234	42.9995	0.860314	5.29588	0.977022	48.3369
/home/e1garcia/shotgun_PIRE/pire_cssl_data_processing/gazza_minuta/2nd_sequencing_run//raw_fq_capture//Gmi-AHam_053-Ex1-cssl.2.fq.gz	8984378	8758660	4992481	4949530	4688012	4641612	2.51234	42.9995	0.860314	5.28369	0.989759	48.3369
/home/e1garcia/shotgun_PIRE/pire_cssl_data_processing/gazza_minuta/2nd_sequencing_run//raw_fq_capture//Gmi-AHam_054-Ex1-cssl.1.fq.gz	7328557	7200292	4495481	4459558	4207007	4156397	1.75021	37.5653	0.799091	5.66314	1.20299	43.2849
/home/e1garcia/shotgun_PIRE/pire_cssl_data_processing/gazza_minuta/2nd_sequencing_run//raw_fq_capture//Gmi-AHam_054-Ex1-cssl.2.fq.gz	7328557	7200292	4495481	4459558	4207964	4156397	1.75021	37.5653	0.799091	5.64168	1.22546	43.2849
/home/e1garcia/shotgun_PIRE/pire_cssl_data_processing/gazza_minuta/2nd_sequencing_run//raw_fq_capture//Gmi-AHam_056-Ex1-cssl.1.fq.gz	13331548	13053311	7032137	6962475	6607409	6547785	2.08706	46.1276	0.990623	5.09971	0.902381	50.885
/home/e1garcia/shotgun_PIRE/pire_cssl_data_processing/gazza_minuta/2nd_sequencing_run//raw_fq_capture//Gmi-AHam_056-Ex1-cssl.2.fq.gz	13331548	13053311	7032137	6962475	6610003	6547785	2.08706	46.1276	0.990623	5.06245	0.94127	50.885
/home/e1garcia/shotgun_PIRE/pire_cssl_data_processing/gazza_minuta/2nd_sequencing_run//raw_fq_capture//Gmi-AHam_057-Ex1-cssl.1.fq.gz	23015260	22643541	11678354	11543402	11138530	11077690	1.6151	48.4252	1.15557	3.50739	0.546212	51.8681
/home/e1garcia/shotgun_PIRE/pire_cssl_data_processing/gazza_minuta/2nd_sequencing_run//raw_fq_capture//Gmi-AHam_057-Ex1-cssl.2.fq.gz	23015260	22643541	11678354	11543402	11139540	11077690	1.6151	48.4252	1.15557	3.49864	0.555229	51.8681
/home/e1garcia/shotgun_PIRE/pire_cssl_data_processing/gazza_minuta/2nd_sequencing_run//raw_fq_capture//Gmi-AHam_058-Ex1-cssl.1.fq.gz	14912281	14643929	8314414	8226320	7898880	7845061	1.79954	43.2228	1.05953	3.98039	0.68135	47.3919
/home/e1garcia/shotgun_PIRE/pire_cssl_data_processing/gazza_minuta/2nd_sequencing_run//raw_fq_capture//Gmi-AHam_058-Ex1-cssl.2.fq.gz	14912281	14643929	8314414	8226320	7898642	7845061	1.79954	43.2228	1.05953	3.98329	0.678357	47.3919
/home/e1garcia/shotgun_PIRE/pire_cssl_data_processing/gazza_minuta/2nd_sequencing_run//raw_fq_capture//Gmi-AHam_059-Ex1-cssl.1.fq.gz	19000831	18689077	9780443	9691595	9261386	9190941	1.64074	47.6676	0.908425	4.43899	0.760631	51.6287
/home/e1garcia/shotgun_PIRE/pire_cssl_data_processing/gazza_minuta/2nd_sequencing_run//raw_fq_capture//Gmi-AHam_059-Ex1-cssl.2.fq.gz	19000831	18689077	9780443	9691595	9270527	9190941	1.64074	47.6676	0.908425	4.34467	0.858484	51.6287
/home/e1garcia/shotgun_PIRE/pire_cssl_data_processing/gazza_minuta/2nd_sequencing_run//raw_fq_capture//Gmi-AHam_061-Ex1-cssl.1.fq.gz	16775724	16476094	8982810	8893986	8578018	8531028	1.78609	45.4797	0.988822	3.5526	0.547796	49.1466
/home/e1garcia/shotgun_PIRE/pire_cssl_data_processing/gazza_minuta/2nd_sequencing_run//raw_fq_capture//Gmi-AHam_061-Ex1-cssl.2.fq.gz	16775724	16476094	8982810	8893986	8581824	8531028	1.78609	45.4797	0.988822	3.50981	0.591902	49.1466
/home/e1garcia/shotgun_PIRE/pire_cssl_data_processing/gazza_minuta/2nd_sequencing_run//raw_fq_capture//Gmi-AHam_062-Ex1-cssl.1.fq.gz	7327086	7112445	4006136	3964299	3662358	3612843	2.92942	43.6743	1.04432	7.6165	1.352	50.692
/home/e1garcia/shotgun_PIRE/pire_cssl_data_processing/gazza_minuta/2nd_sequencing_run//raw_fq_capture//Gmi-AHam_062-Ex1-cssl.2.fq.gz	7327086	7112445	4006136	3964299	3664070	3612843	2.92942	43.6743	1.04432	7.57332	1.39809	50.692
/home/e1garcia/shotgun_PIRE/pire_cssl_data_processing/gazza_minuta/2nd_sequencing_run//raw_fq_capture//Gmi-AHam_063-Ex1-cssl.1.fq.gz	13516901	13293135	7437687	7359939	6979041	6922963	1.65545	44.0487	1.04532	5.17529	0.80352	48.7829
/home/e1garcia/shotgun_PIRE/pire_cssl_data_processing/gazza_minuta/2nd_sequencing_run//raw_fq_capture//Gmi-AHam_063-Ex1-cssl.2.fq.gz	13516901	13293135	7437687	7359939	6980932	6922963	1.65545	44.0487	1.04532	5.14959	0.830391	48.7829
/home/e1garcia/shotgun_PIRE/pire_cssl_data_processing/gazza_minuta/2nd_sequencing_run//raw_fq_capture//Gmi-AHam_064-Ex1-cssl.1.fq.gz	14099234	13798868	7748977	7672321	7374743	7326218	2.13037	43.8434	0.98924	3.87859	0.657989	48.0382
/home/e1garcia/shotgun_PIRE/pire_cssl_data_processing/gazza_minuta/2nd_sequencing_run//raw_fq_capture//Gmi-AHam_064-Ex1-cssl.2.fq.gz	14099234	13798868	7748977	7672321	7377086	7326218	2.13037	43.8434	0.98924	3.84805	0.689541	48.0382
/home/e1garcia/shotgun_PIRE/pire_cssl_data_processing/gazza_minuta/2nd_sequencing_run//raw_fq_capture//Gmi-AHam_066-Ex1-cssl.1.fq.gz	11870881	11613009	6643002	6578844	6339705	6300598	2.17231	42.7969	0.965798	3.63497	0.616858	46.9239
/home/e1garcia/shotgun_PIRE/pire_cssl_data_processing/gazza_minuta/2nd_sequencing_run//raw_fq_capture//Gmi-AHam_066-Ex1-cssl.2.fq.gz	11870881	11613009	6643002	6578844	6340198	6300598	2.17231	42.7969	0.965798	3.62748	0.624586	46.9239
/home/e1garcia/shotgun_PIRE/pire_cssl_data_processing/gazza_minuta/2nd_sequencing_run//raw_fq_capture//Gmi-AHam_067-Ex1-cssl.1.fq.gz	33104464	32654676	16957518	16796724	16423157	16360678	1.35869	48.0702	0.948217	2.22405	0.380432	50.5786
/home/e1garcia/shotgun_PIRE/pire_cssl_data_processing/gazza_minuta/2nd_sequencing_run//raw_fq_capture//Gmi-AHam_067-Ex1-cssl.2.fq.gz	33104464	32654676	16957518	16796724	16424412	16360678	1.35869	48.0702	0.948217	2.21658	0.388044	50.5786
/home/e1garcia/shotgun_PIRE/pire_cssl_data_processing/gazza_minuta/2nd_sequencing_run//raw_fq_capture//Gmi-AHam_068-Ex1-cssl.1.fq.gz	19963056	19495753	10024570	9920003	9637366	9598455	2.34084	48.5807	1.04311	2.84916	0.403751	51.9189
/home/e1garcia/shotgun_PIRE/pire_cssl_data_processing/gazza_minuta/2nd_sequencing_run//raw_fq_capture//Gmi-AHam_068-Ex1-cssl.2.fq.gz	19963056	19495753	10024570	9920003	9640642	9598455	2.34084	48.5807	1.04311	2.81614	0.437595	51.9189
/home/e1garcia/shotgun_PIRE/pire_cssl_data_processing/gazza_minuta/2nd_sequencing_run//raw_fq_capture//Gmi-AHam_069-Ex1-cssl.1.fq.gz	18837711	18507635	9663267	9577922	9282950	9239802	1.75221	47.7877	0.88319	3.07971	0.464809	50.9505
/home/e1garcia/shotgun_PIRE/pire_cssl_data_processing/gazza_minuta/2nd_sequencing_run//raw_fq_capture//Gmi-AHam_069-Ex1-cssl.2.fq.gz	18837711	18507635	9663267	9577922	9284246	9239802	1.75221	47.7877	0.88319	3.06618	0.478703	50.9505
/home/e1garcia/shotgun_PIRE/pire_cssl_data_processing/gazza_minuta/2nd_sequencing_run//raw_fq_capture//Gmi-AHam_070-Ex1-cssl.1.fq.gz	16465219	16207575	9022428	8929546	8657848	8609222	1.56478	44.332	1.02946	3.04269	0.561641	47.7127
/home/e1garcia/shotgun_PIRE/pire_cssl_data_processing/gazza_minuta/2nd_sequencing_run//raw_fq_capture//Gmi-AHam_070-Ex1-cssl.2.fq.gz	16465219	16207575	9022428	8929546	8657078	8609222	1.56478	44.332	1.02946	3.05131	0.552796	47.7127
/home/e1garcia/shotgun_PIRE/pire_cssl_data_processing/gazza_minuta/2nd_sequencing_run//raw_fq_capture//Gmi-AHam_071-Ex1-cssl.1.fq.gz	10532243	10278816	4722879	4660723	3754306	3629474	2.4062	54.0523	1.31606	19.448	3.32504	65.5394
/home/e1garcia/shotgun_PIRE/pire_cssl_data_processing/gazza_minuta/2nd_sequencing_run//raw_fq_capture//Gmi-AHam_071-Ex1-cssl.2.fq.gz	10532243	10278816	4722879	4660723	3773916	3629474	2.4062	54.0523	1.31606	19.0272	3.82738	65.5394
/home/e1garcia/shotgun_PIRE/pire_cssl_data_processing/gazza_minuta/2nd_sequencing_run//raw_fq_capture//Gmi-AHam_072-Ex1-cssl.1.fq.gz	28597785	28172619	14745995	14598953	14312926	14266072	1.48671	47.6584	0.997166	1.95923	0.327354	50.1148
/home/e1garcia/shotgun_PIRE/pire_cssl_data_processing/gazza_minuta/2nd_sequencing_run//raw_fq_capture//Gmi-AHam_072-Ex1-cssl.2.fq.gz	28597785	28172619	14745995	14598953	14313355	14266072	1.48671	47.6584	0.997166	1.95629	0.330342	50.1148
/home/e1garcia/shotgun_PIRE/pire_cssl_data_processing/gazza_minuta/2nd_sequencing_run//raw_fq_capture//Gmi-AHam_073-Ex1-cssl.1.fq.gz	11556954	11363744	6338500	6285264	6005319	5961805	1.67181	44.2217	0.839883	4.45399	0.724591	48.4137
/home/e1garcia/shotgun_PIRE/pire_cssl_data_processing/gazza_minuta/2nd_sequencing_run//raw_fq_capture//Gmi-AHam_073-Ex1-cssl.2.fq.gz	11556954	11363744	6338500	6285264	6007637	5961805	1.67181	44.2217	0.839883	4.41711	0.762896	48.4137
/home/e1garcia/shotgun_PIRE/pire_cssl_data_processing/gazza_minuta/2nd_sequencing_run//raw_fq_capture//Gmi-AHam_074-Ex1-cssl2.1.fq.gz	7114895	6971264	3979882	3941336	3831705	3813750	2.01874	42.9102	0.968521	2.78157	0.46859	46.3977
/home/e1garcia/shotgun_PIRE/pire_cssl_data_processing/gazza_minuta/2nd_sequencing_run//raw_fq_capture//Gmi-AHam_074-Ex1-cssl2.2.fq.gz	7114895	6971264	3979882	3941336	3832813	3813750	2.01874	42.9102	0.968521	2.75346	0.497363	46.3977
/home/e1garcia/shotgun_PIRE/pire_cssl_data_processing/gazza_minuta/2nd_sequencing_run//raw_fq_capture//Gmi-AHam_075-Ex1-cssl.1.fq.gz	20184328	19875893	10976593	10871843	10582987	10529416	1.52809	44.7743	0.954303	2.65692	0.506199	47.8337
/home/e1garcia/shotgun_PIRE/pire_cssl_data_processing/gazza_minuta/2nd_sequencing_run//raw_fq_capture//Gmi-AHam_075-Ex1-cssl.2.fq.gz	20184328	19875893	10976593	10871843	10581834	10529416	1.52809	44.7743	0.954303	2.66752	0.495358	47.8337
/home/e1garcia/shotgun_PIRE/pire_cssl_data_processing/gazza_minuta/2nd_sequencing_run//raw_fq_capture//Gmi-AHam_076-Ex1-cssl.1.fq.gz	20824270	20476916	11067061	10961146	10568959	10503260	1.66802	45.9535	0.957029	3.57797	0.621622	49.5624
/home/e1garcia/shotgun_PIRE/pire_cssl_data_processing/gazza_minuta/2nd_sequencing_run//raw_fq_capture//Gmi-AHam_076-Ex1-cssl.2.fq.gz	20824270	20476916	11067061	10961146	10569996	10503260	1.66802	45.9535	0.957029	3.56851	0.631372	49.5624
/home/e1garcia/shotgun_PIRE/pire_cssl_data_processing/gazza_minuta/2nd_sequencing_run//raw_fq_capture//Gmi-AHam_077-Ex1-cssl.1.fq.gz	15252298	14994353	8030697	7962962	7350188	7297502	1.69119	46.4419	0.843451	7.6953	0.716798	52.1547
/home/e1garcia/shotgun_PIRE/pire_cssl_data_processing/gazza_minuta/2nd_sequencing_run//raw_fq_capture//Gmi-AHam_077-Ex1-cssl.2.fq.gz	15252298	14994353	8030697	7962962	7353448	7297502	1.69119	46.4419	0.843451	7.65436	0.760813	52.1547
/home/e1garcia/shotgun_PIRE/pire_cssl_data_processing/gazza_minuta/2nd_sequencing_run//raw_fq_capture//Gmi-AHam_080-Ex1-cssl.1.fq.gz	14541359	14272584	7985390	7901772	7643612	7599711	1.84835	44.0508	1.04714	3.26712	0.574349	47.7373
/home/e1garcia/shotgun_PIRE/pire_cssl_data_processing/gazza_minuta/2nd_sequencing_run//raw_fq_capture//Gmi-AHam_080-Ex1-cssl.2.fq.gz	14541359	14272584	7985390	7901772	7646394	7599711	1.84835	44.0508	1.04714	3.23191	0.610523	47.7373
/home/e1garcia/shotgun_PIRE/pire_cssl_data_processing/gazza_minuta/2nd_sequencing_run//raw_fq_capture//Gmi-AHam_081-Ex1-cssl.1.fq.gz	12772159	12499863	6978117	6914524	6693026	6656740	2.13195	44.1745	0.91132	3.20337	0.542146	47.8809
/home/e1garcia/shotgun_PIRE/pire_cssl_data_processing/gazza_minuta/2nd_sequencing_run//raw_fq_capture//Gmi-AHam_081-Ex1-cssl.2.fq.gz	12772159	12499863	6978117	6914524	6693001	6656740	2.13195	44.1745	0.91132	3.20373	0.541775	47.8809
/home/e1garcia/shotgun_PIRE/pire_cssl_data_processing/gazza_minuta/2nd_sequencing_run//raw_fq_capture//Gmi-AHam_082-Ex1-cssl.1.fq.gz	14820028	14583263	7962899	7884145	7645802	7606249	1.5976	45.397	0.989012	3.02307	0.517317	48.6759
/home/e1garcia/shotgun_PIRE/pire_cssl_data_processing/gazza_minuta/2nd_sequencing_run//raw_fq_capture//Gmi-AHam_082-Ex1-cssl.2.fq.gz	14820028	14583263	7962899	7884145	7645390	7606249	1.5976	45.397	0.989012	3.02829	0.511956	48.6759
/home/e1garcia/shotgun_PIRE/pire_cssl_data_processing/gazza_minuta/2nd_sequencing_run//raw_fq_capture//Gmi-AHam_084-Ex1-cssl.1.fq.gz	16146587	15902618	8576305	8485498	8193551	8142272	1.51096	46.0699	1.05881	3.44054	0.625846	49.5728
/home/e1garcia/shotgun_PIRE/pire_cssl_data_processing/gazza_minuta/2nd_sequencing_run//raw_fq_capture//Gmi-AHam_084-Ex1-cssl.2.fq.gz	16146587	15902618	8576305	8485498	8193097	8142272	1.51096	46.0699	1.05881	3.44589	0.620339	49.5728
/home/e1garcia/shotgun_PIRE/pire_cssl_data_processing/gazza_minuta/2nd_sequencing_run//raw_fq_capture//Gmi-AHam_086-Ex1-cssl.1.fq.gz	13748397	13490061	7325334	7258661	6961725	6916954	1.87903	45.6983	0.91017	4.09078	0.643102	49.689
/home/e1garcia/shotgun_PIRE/pire_cssl_data_processing/gazza_minuta/2nd_sequencing_run//raw_fq_capture//Gmi-AHam_086-Ex1-cssl.2.fq.gz	13748397	13490061	7325334	7258661	6962152	6916954	1.87903	45.6983	0.91017	4.0849	0.649196	49.689
/home/e1garcia/shotgun_PIRE/pire_cssl_data_processing/gazza_minuta/2nd_sequencing_run//raw_fq_capture//Gmi-AHam_087-Ex1-cssl.1.fq.gz	20398551	20090736	11199166	11082978	10666786	10596010	1.509	44.2571	1.03747	3.75524	0.663518	48.0551
/home/e1garcia/shotgun_PIRE/pire_cssl_data_processing/gazza_minuta/2nd_sequencing_run//raw_fq_capture//Gmi-AHam_087-Ex1-cssl.2.fq.gz	20398551	20090736	11199166	11082978	10665727	10596010	1.509	44.2571	1.03747	3.76479	0.653654	48.0551
/home/e1garcia/shotgun_PIRE/pire_cssl_data_processing/gazza_minuta/2nd_sequencing_run//raw_fq_capture//Gmi-AHam_088-Ex1-cssl.1.fq.gz	12122797	11916993	6835285	6774395	6530829	6486111	1.69766	42.6425	0.890819	3.59539	0.684722	46.4966
/home/e1garcia/shotgun_PIRE/pire_cssl_data_processing/gazza_minuta/2nd_sequencing_run//raw_fq_capture//Gmi-AHam_088-Ex1-cssl.2.fq.gz	12122797	11916993	6835285	6774395	6530295	6486111	1.69766	42.6425	0.890819	3.60327	0.6766	46.4966
/home/e1garcia/shotgun_PIRE/pire_cssl_data_processing/gazza_minuta/2nd_sequencing_run//raw_fq_capture//Gmi-AHam_090-Ex1-cssl.1.fq.gz	10963999	10775104	6126152	6069543	5838855	5798113	1.72287	43.1453	0.924055	3.80075	0.697774	47.1168
/home/e1garcia/shotgun_PIRE/pire_cssl_data_processing/gazza_minuta/2nd_sequencing_run//raw_fq_capture//Gmi-AHam_090-Ex1-cssl.2.fq.gz	10963999	10775104	6126152	6069543	5839307	5798113	1.72287	43.1453	0.924055	3.7933	0.70546	47.1168
/home/e1garcia/shotgun_PIRE/pire_cssl_data_processing/gazza_minuta/2nd_sequencing_run//raw_fq_capture//Gmi-AHam_091-Ex1-cssl.1.fq.gz	12473510	12283125	4775979	4713891	4264847	4201003	1.52631	61.1176	1.30001	9.52597	1.49698	66.3206
/home/e1garcia/shotgun_PIRE/pire_cssl_data_processing/gazza_minuta/2nd_sequencing_run//raw_fq_capture//Gmi-AHam_091-Ex1-cssl.2.fq.gz	12473510	12283125	4775979	4713891	4268700	4201003	1.52631	61.1176	1.30001	9.44424	1.58589	66.3206
/home/e1garcia/shotgun_PIRE/pire_cssl_data_processing/gazza_minuta/2nd_sequencing_run//raw_fq_capture//Gmi-AHam_092-Ex1-cssl.1.fq.gz	29436132	28641041	14749477	14597972	14187277	14129192	2.70107	48.5023	1.02719	2.81337	0.409416	52.0005
/home/e1garcia/shotgun_PIRE/pire_cssl_data_processing/gazza_minuta/2nd_sequencing_run//raw_fq_capture//Gmi-AHam_092-Ex1-cssl.2.fq.gz	29436132	28641041	14749477	14597972	14191697	14129192	2.70107	48.5023	1.02719	2.78309	0.440434	52.0005
/home/e1garcia/shotgun_PIRE/pire_cssl_data_processing/gazza_minuta/2nd_sequencing_run//raw_fq_capture//Gmi-AHam_093-Ex1-cssl.1.fq.gz	18254366	17953526	9917267	9834304	9587951	9541926	1.64804	44.7615	0.836551	2.50504	0.48003	47.728
/home/e1garcia/shotgun_PIRE/pire_cssl_data_processing/gazza_minuta/2nd_sequencing_run//raw_fq_capture//Gmi-AHam_093-Ex1-cssl.2.fq.gz	18254366	17953526	9917267	9834304	9586275	9541926	1.64804	44.7615	0.836551	2.52208	0.46263	47.728
/home/e1garcia/shotgun_PIRE/pire_cssl_data_processing/gazza_minuta/2nd_sequencing_run//raw_fq_capture//Gmi-AHam_094-Ex1-cssl.1.fq.gz	13916835	13712644	7835981	7763976	7534797	7490343	1.46722	42.8558	0.918902	2.95183	0.589983	46.1778
/home/e1garcia/shotgun_PIRE/pire_cssl_data_processing/gazza_minuta/2nd_sequencing_run//raw_fq_capture//Gmi-AHam_094-Ex1-cssl.2.fq.gz	13916835	13712644	7835981	7763976	7533824	7490343	1.46722	42.8558	0.918902	2.96436	0.577144	46.1778
/home/e1garcia/shotgun_PIRE/pire_cssl_data_processing/gazza_minuta/2nd_sequencing_run//raw_fq_capture//Gmi-AHam_095-Ex1-cssl.1.fq.gz	19944297	19661934	10958325	10852911	10579980	10525791	1.41576	44.2663	0.961954	2.51482	0.512184	47.2241
/home/e1garcia/shotgun_PIRE/pire_cssl_data_processing/gazza_minuta/2nd_sequencing_run//raw_fq_capture//Gmi-AHam_095-Ex1-cssl.2.fq.gz	19944297	19661934	10958325	10852911	10578762	10525791	1.41576	44.2663	0.961954	2.52604	0.50073	47.2241
/home/e1garcia/shotgun_PIRE/pire_cssl_data_processing/gazza_minuta/2nd_sequencing_run//raw_fq_capture//Gmi-AHam_096-Ex1-cssl.1.fq.gz	15340449	15088082	8164518	8084401	7752655	7701399	1.64511	45.8876	0.981283	4.10353	0.661141	49.7968
/home/e1garcia/shotgun_PIRE/pire_cssl_data_processing/gazza_minuta/2nd_sequencing_run//raw_fq_capture//Gmi-AHam_096-Ex1-cssl.2.fq.gz	15340449	15088082	8164518	8084401	7753364	7701399	1.64511	45.8876	0.981283	4.09476	0.670225	49.7968
/home/e1garcia/shotgun_PIRE/pire_cssl_data_processing/gazza_minuta/2nd_sequencing_run//raw_fq_capture//Gmi-CBas_003-Ex1-cssl.1.fq.gz	1417474	1383904	701791	691830	488684	471141	2.3683	49.289	1.41937	29.3636	3.58985	66.7619
/home/e1garcia/shotgun_PIRE/pire_cssl_data_processing/gazza_minuta/2nd_sequencing_run//raw_fq_capture//Gmi-CBas_003-Ex1-cssl.2.fq.gz	1417474	1383904	701791	691830	490200	471141	2.3683	49.289	1.41937	29.1444	3.888	66.7619
/home/e1garcia/shotgun_PIRE/pire_cssl_data_processing/gazza_minuta/2nd_sequencing_run//raw_fq_capture//Gmi-CBas_004-Ex1-cssl.1.fq.gz	4172087	4084758	2092139	2063205	1911826	1851767	2.09317	48.7818	1.38299	7.33708	3.14145	55.6153
/home/e1garcia/shotgun_PIRE/pire_cssl_data_processing/gazza_minuta/2nd_sequencing_run//raw_fq_capture//Gmi-CBas_004-Ex1-cssl.2.fq.gz	4172087	4084758	2092139	2063205	1912078	1851767	2.09317	48.7818	1.38299	7.32487	3.15421	55.6153
/home/e1garcia/shotgun_PIRE/pire_cssl_data_processing/gazza_minuta/2nd_sequencing_run//raw_fq_capture//Gmi-CBas_005-Ex1-cssl.1.fq.gz	5347586	5227338	2638096	2600194	2420428	2350837	2.24864	49.5327	1.43672	6.91356	2.87515	56.0393
/home/e1garcia/shotgun_PIRE/pire_cssl_data_processing/gazza_minuta/2nd_sequencing_run//raw_fq_capture//Gmi-CBas_005-Ex1-cssl.2.fq.gz	5347586	5227338	2638096	2600194	2419905	2350837	2.24864	49.5327	1.43672	6.93367	2.85416	56.0393
/home/e1garcia/shotgun_PIRE/pire_cssl_data_processing/gazza_minuta/2nd_sequencing_run//raw_fq_capture//Gmi-CBas_006-Ex1-cssl2.1.fq.gz	3378497	3293587	1711321	1687229	1544318	1493569	2.51325	48.0408	1.4078	8.47016	3.28618	55.7919
/home/e1garcia/shotgun_PIRE/pire_cssl_data_processing/gazza_minuta/2nd_sequencing_run//raw_fq_capture//Gmi-CBas_006-Ex1-cssl2.2.fq.gz	3378497	3293587	1711321	1687229	1543113	1493569	2.51325	48.0408	1.4078	8.54158	3.21065	55.7919
/home/e1garcia/shotgun_PIRE/pire_cssl_data_processing/gazza_minuta/2nd_sequencing_run//raw_fq_capture//Gmi-CBas_007-Ex1-cssl2.1.fq.gz	6925261	6756319	3641335	3594454	3380011	3297811	2.4395	46.1048	1.28747	5.96594	2.43194	52.38
/home/e1garcia/shotgun_PIRE/pire_cssl_data_processing/gazza_minuta/2nd_sequencing_run//raw_fq_capture//Gmi-CBas_007-Ex1-cssl2.2.fq.gz	6925261	6756319	3641335	3594454	3378834	3297811	2.4395	46.1048	1.28747	5.99869	2.39796	52.38
/home/e1garcia/shotgun_PIRE/pire_cssl_data_processing/gazza_minuta/2nd_sequencing_run//raw_fq_capture//Gmi-CBas_009-Ex1-cssl.1.fq.gz	8550616	8350400	4343092	4284791	4005593	3898214	2.34154	47.9894	1.34238	6.51602	2.68073	54.4101
/home/e1garcia/shotgun_PIRE/pire_cssl_data_processing/gazza_minuta/2nd_sequencing_run//raw_fq_capture//Gmi-CBas_009-Ex1-cssl.2.fq.gz	8550616	8350400	4343092	4284791	4004067	3898214	2.34154	47.9894	1.34238	6.55164	2.64364	54.4101
/home/e1garcia/shotgun_PIRE/pire_cssl_data_processing/gazza_minuta/2nd_sequencing_run//raw_fq_capture//Gmi-CBas_010-Ex1-cssl.1.fq.gz	3930811	3843612	1934639	1906366	1769769	1719325	2.21835	49.6661	1.46141	7.16531	2.85032	56.2603
/home/e1garcia/shotgun_PIRE/pire_cssl_data_processing/gazza_minuta/2nd_sequencing_run//raw_fq_capture//Gmi-CBas_010-Ex1-cssl.2.fq.gz	3930811	3843612	1934639	1906366	1770212	1719325	2.21835	49.6661	1.46141	7.14207	2.87463	56.2603
/home/e1garcia/shotgun_PIRE/pire_cssl_data_processing/gazza_minuta/2nd_sequencing_run//raw_fq_capture//Gmi-CBas_012-Ex1-cssl2.1.fq.gz	4136540	3996432	2170198	2139904	1992578	1935398	3.38708	45.6966	1.39591	6.8847	2.86965	53.2122
/home/e1garcia/shotgun_PIRE/pire_cssl_data_processing/gazza_minuta/2nd_sequencing_run//raw_fq_capture//Gmi-CBas_012-Ex1-cssl2.2.fq.gz	4136540	3996432	2170198	2139904	1992237	1935398	3.38708	45.6966	1.39591	6.90064	2.85302	53.2122
/home/e1garcia/shotgun_PIRE/pire_cssl_data_processing/gazza_minuta/2nd_sequencing_run//raw_fq_capture//Gmi-CBas_013-Ex1-cssl2.1.fq.gz	4276211	4117260	2284352	2250078	2098616	2037754	3.7171	44.5177	1.50038	6.73141	2.9001	52.3467
/home/e1garcia/shotgun_PIRE/pire_cssl_data_processing/gazza_minuta/2nd_sequencing_run//raw_fq_capture//Gmi-CBas_013-Ex1-cssl2.2.fq.gz	4276211	4117260	2284352	2250078	2099192	2037754	3.7171	44.5177	1.50038	6.70581	2.92675	52.3467
/home/e1garcia/shotgun_PIRE/pire_cssl_data_processing/gazza_minuta/2nd_sequencing_run//raw_fq_capture//Gmi-CBas_014-Ex1-cssl2.1.fq.gz	4195787	4082485	2157343	2127658	1980671	1925671	2.70038	47.1561	1.376	6.90839	2.77684	54.1047
/home/e1garcia/shotgun_PIRE/pire_cssl_data_processing/gazza_minuta/2nd_sequencing_run//raw_fq_capture//Gmi-CBas_014-Ex1-cssl2.2.fq.gz	4195787	4082485	2157343	2127658	1981315	1925671	2.70038	47.1561	1.376	6.87813	2.80844	54.1047
/home/e1garcia/shotgun_PIRE/pire_cssl_data_processing/gazza_minuta/2nd_sequencing_run//raw_fq_capture//Gmi-CBas_015-Ex1-cssl2.1.fq.gz	11135101	10804004	6228167	6142366	5752539	5594920	2.97345	42.3532	1.37763	6.34653	2.73999	49.7542
/home/e1garcia/shotgun_PIRE/pire_cssl_data_processing/gazza_minuta/2nd_sequencing_run//raw_fq_capture//Gmi-CBas_015-Ex1-cssl2.2.fq.gz	11135101	10804004	6228167	6142366	5750543	5594920	2.97345	42.3532	1.37763	6.37902	2.70623	49.7542
/home/e1garcia/shotgun_PIRE/pire_cssl_data_processing/gazza_minuta/2nd_sequencing_run//raw_fq_capture//Gmi-CBas_016-Ex1-cssl2.1.fq.gz	15293765	14789700	8285181	8167384	7627889	7402692	3.29589	43.9801	1.42178	6.60548	2.95228	51.5967
/home/e1garcia/shotgun_PIRE/pire_cssl_data_processing/gazza_minuta/2nd_sequencing_run//raw_fq_capture//Gmi-CBas_016-Ex1-cssl2.2.fq.gz	15293765	14789700	8285181	8167384	7626082	7402692	3.29589	43.9801	1.42178	6.62761	2.92929	51.5967
/home/e1garcia/shotgun_PIRE/pire_cssl_data_processing/gazza_minuta/2nd_sequencing_run//raw_fq_capture//Gmi-CBas_017-Ex1-cssl2.1.fq.gz	9986266	9776721	5271562	5208012	4869195	4730938	2.09833	46.0805	1.20553	6.50569	2.83942	52.6256
/home/e1garcia/shotgun_PIRE/pire_cssl_data_processing/gazza_minuta/2nd_sequencing_run//raw_fq_capture//Gmi-CBas_017-Ex1-cssl2.2.fq.gz	9986266	9776721	5271562	5208012	4865430	4730938	2.09833	46.0805	1.20553	6.57798	2.76424	52.6256
/home/e1garcia/shotgun_PIRE/pire_cssl_data_processing/gazza_minuta/2nd_sequencing_run//raw_fq_capture//Gmi-CBas_019-Ex1-cssl2.1.fq.gz	14114923	13772386	7302726	7212857	6742694	6569451	2.42677	46.9756	1.23062	6.5184	2.56934	53.4574
/home/e1garcia/shotgun_PIRE/pire_cssl_data_processing/gazza_minuta/2nd_sequencing_run//raw_fq_capture//Gmi-CBas_019-Ex1-cssl2.2.fq.gz	14114923	13772386	7302726	7212857	6736864	6569451	2.42677	46.9756	1.23062	6.59923	2.48503	53.4574
/home/e1garcia/shotgun_PIRE/pire_cssl_data_processing/gazza_minuta/2nd_sequencing_run//raw_fq_capture//Gmi-CBas_023-Ex1-cssl2.1.fq.gz	14140961	13787359	7426401	7341534	6822364	6645752	2.50055	46.1362	1.14277	7.07168	2.58872	53.0035
/home/e1garcia/shotgun_PIRE/pire_cssl_data_processing/gazza_minuta/2nd_sequencing_run//raw_fq_capture//Gmi-CBas_023-Ex1-cssl2.2.fq.gz	14140961	13787359	7426401	7341534	6816670	6645752	2.50055	46.1362	1.14277	7.14924	2.50735	53.0035
/home/e1garcia/shotgun_PIRE/pire_cssl_data_processing/gazza_minuta/2nd_sequencing_run//raw_fq_capture//Gmi-CBas_024-Ex1-cssl2.1.fq.gz	6698530	6481120	3487046	3439824	3211549	3109604	3.24564	46.1969	1.35421	6.63624	3.17432	53.5778
/home/e1garcia/shotgun_PIRE/pire_cssl_data_processing/gazza_minuta/2nd_sequencing_run//raw_fq_capture//Gmi-CBas_024-Ex1-cssl2.2.fq.gz	6698530	6481120	3487046	3439824	3208870	3109604	3.24564	46.1969	1.35421	6.71412	3.09349	53.5778
/home/e1garcia/shotgun_PIRE/pire_cssl_data_processing/gazza_minuta/2nd_sequencing_run//raw_fq_capture//Gmi-CBas_026-Ex1-cssl2.1.fq.gz	9630026	9343022	5146725	5079427	4738718	4599620	2.9803	44.9137	1.30759	6.70763	2.93535	52.2367
/home/e1garcia/shotgun_PIRE/pire_cssl_data_processing/gazza_minuta/2nd_sequencing_run//raw_fq_capture//Gmi-CBas_026-Ex1-cssl2.2.fq.gz	9630026	9343022	5146725	5079427	4736208	4599620	2.9803	44.9137	1.30759	6.75704	2.88391	52.2367
/home/e1garcia/shotgun_PIRE/pire_cssl_data_processing/gazza_minuta/2nd_sequencing_run//raw_fq_capture//Gmi-CBas_027-Ex1-cssl2.1.fq.gz	13442280	13088636	7095394	7007842	6536504	6358490	2.63083	45.7897	1.23393	6.72587	2.72338	52.6978
/home/e1garcia/shotgun_PIRE/pire_cssl_data_processing/gazza_minuta/2nd_sequencing_run//raw_fq_capture//Gmi-CBas_027-Ex1-cssl2.2.fq.gz	13442280	13088636	7095394	7007842	6532214	6358490	2.63083	45.7897	1.23393	6.78708	2.6595	52.6978
/home/e1garcia/shotgun_PIRE/pire_cssl_data_processing/gazza_minuta/2nd_sequencing_run//raw_fq_capture//Gmi-CBas_028-Ex1-cssl.1.fq.gz	7130332	6994550	3588297	3541692	3316038	3226741	1.90429	48.6987	1.29881	6.37136	2.69288	54.7463
/home/e1garcia/shotgun_PIRE/pire_cssl_data_processing/gazza_minuta/2nd_sequencing_run//raw_fq_capture//Gmi-CBas_028-Ex1-cssl.2.fq.gz	7130332	6994550	3588297	3541692	3314349	3226741	1.90429	48.6987	1.29881	6.41905	2.64329	54.7463
/home/e1garcia/shotgun_PIRE/pire_cssl_data_processing/gazza_minuta/2nd_sequencing_run//raw_fq_capture//Gmi-CBas_029-Ex1-cssl2.1.fq.gz	13933899	13527912	7537440	7438187	6969626	6775255	2.91366	44.2823	1.3168	6.2994	2.78883	51.3757
/home/e1garcia/shotgun_PIRE/pire_cssl_data_processing/gazza_minuta/2nd_sequencing_run//raw_fq_capture//Gmi-CBas_029-Ex1-cssl2.2.fq.gz	13933899	13527912	7537440	7438187	6963747	6775255	2.91366	44.2823	1.3168	6.37844	2.70676	51.3757
/home/e1garcia/shotgun_PIRE/pire_cssl_data_processing/gazza_minuta/2nd_sequencing_run//raw_fq_capture//Gmi-CBas_033-Ex1-cssl2.1.fq.gz	6491439	6355628	3190983	3148041	2953765	2878896	2.09216	49.7928	1.34573	6.17133	2.5347	55.6509
/home/e1garcia/shotgun_PIRE/pire_cssl_data_processing/gazza_minuta/2nd_sequencing_run//raw_fq_capture//Gmi-CBas_033-Ex1-cssl2.2.fq.gz	6491439	6355628	3190983	3148041	2952071	2878896	2.09216	49.7928	1.34573	6.22514	2.47877	55.6509
/home/e1garcia/shotgun_PIRE/pire_cssl_data_processing/gazza_minuta/2nd_sequencing_run//raw_fq_capture//Gmi-CBas_034-Ex1-cssl2.1.fq.gz	15109276	14635503	7723556	7627861	7093447	6903845	3.13564	47.2273	1.239	7.00608	2.67292	54.3072
/home/e1garcia/shotgun_PIRE/pire_cssl_data_processing/gazza_minuta/2nd_sequencing_run//raw_fq_capture//Gmi-CBas_034-Ex1-cssl2.2.fq.gz	15109276	14635503	7723556	7627861	7085940	6903845	3.13564	47.2273	1.239	7.10449	2.56981	54.3072
/home/e1garcia/shotgun_PIRE/pire_cssl_data_processing/gazza_minuta/2nd_sequencing_run//raw_fq_capture//Gmi-CBas_039-Ex1-cssl2.1.fq.gz	10062355	9754411	5050990	4979363	4603534	4463132	3.06036	48.2184	1.41808	7.54773	3.04987	55.6453
/home/e1garcia/shotgun_PIRE/pire_cssl_data_processing/gazza_minuta/2nd_sequencing_run//raw_fq_capture//Gmi-CBas_039-Ex1-cssl2.2.fq.gz	10062355	9754411	5050990	4979363	4602964	4463132	3.06036	48.2184	1.41808	7.55918	3.03787	55.6453
/home/e1garcia/shotgun_PIRE/pire_cssl_data_processing/gazza_minuta/2nd_sequencing_run//raw_fq_capture//Gmi-CBas_041-Ex1-cssl2.1.fq.gz	9157505	8891932	4498894	4442591	4061461	3943123	2.90006	49.4048	1.25149	8.579	2.91368	56.9411
/home/e1garcia/shotgun_PIRE/pire_cssl_data_processing/gazza_minuta/2nd_sequencing_run//raw_fq_capture//Gmi-CBas_041-Ex1-cssl2.2.fq.gz	9157505	8891932	4498894	4442591	4058748	3943123	2.90006	49.4048	1.25149	8.64007	2.84878	56.9411
/home/e1garcia/shotgun_PIRE/pire_cssl_data_processing/gazza_minuta/2nd_sequencing_run//raw_fq_capture//Gmi-CBas_045-Ex1-cssl2.1.fq.gz	5494838	5357366	2650139	2614816	2406333	2340784	2.50184	50.5328	1.33287	7.97314	2.72402	57.4003
/home/e1garcia/shotgun_PIRE/pire_cssl_data_processing/gazza_minuta/2nd_sequencing_run//raw_fq_capture//Gmi-CBas_045-Ex1-cssl2.2.fq.gz	5494838	5357366	2650139	2614816	2407291	2340784	2.50184	50.5328	1.33287	7.9365	2.76273	57.4003
/home/e1garcia/shotgun_PIRE/pire_cssl_data_processing/gazza_minuta/2nd_sequencing_run//raw_fq_capture//Gmi-CBas_046-Ex1-cssl.1.fq.gz	4013744	3902784	1987632	1958430	1799016	1740609	2.7645	49.0714	1.46919	8.13989	3.24661	56.6338
/home/e1garcia/shotgun_PIRE/pire_cssl_data_processing/gazza_minuta/2nd_sequencing_run//raw_fq_capture//Gmi-CBas_046-Ex1-cssl.2.fq.gz	4013744	3902784	1987632	1958430	1800004	1740609	2.7645	49.0714	1.46919	8.08944	3.29971	56.6338
/home/e1garcia/shotgun_PIRE/pire_cssl_data_processing/gazza_minuta/2nd_sequencing_run//raw_fq_capture//Gmi-CBas_047-Ex1-cssl.1.fq.gz	4749268	4638907	2279486	2244879	2065362	2001228	2.32375	50.8616	1.51819	7.99673	3.10522	57.8624
/home/e1garcia/shotgun_PIRE/pire_cssl_data_processing/gazza_minuta/2nd_sequencing_run//raw_fq_capture//Gmi-CBas_047-Ex1-cssl.2.fq.gz	4749268	4638907	2279486	2244879	2065964	2001228	2.32375	50.8616	1.51819	7.96992	3.13345	57.8624
/home/e1garcia/shotgun_PIRE/pire_cssl_data_processing/gazza_minuta/2nd_sequencing_run//raw_fq_capture//Gmi-CBas_048-Ex1-cssl2.1.fq.gz	7866762	7609137	4023285	3965695	3648129	3527401	3.27485	47.1256	1.43142	8.00783	3.30931	55.1607
/home/e1garcia/shotgun_PIRE/pire_cssl_data_processing/gazza_minuta/2nd_sequencing_run//raw_fq_capture//Gmi-CBas_048-Ex1-cssl2.2.fq.gz	7866762	7609137	4023285	3965695	3649022	3527401	3.27485	47.1256	1.43142	7.98531	3.33298	55.1607
/home/e1garcia/shotgun_PIRE/pire_cssl_data_processing/gazza_minuta/2nd_sequencing_run//raw_fq_capture//Gmi-CBas_049-Ex1-cssl2.1.fq.gz	17915574	17392300	9657980	9504425	8743708	8507988	2.92078	44.4698	1.58993	8.00382	2.69588	52.5107
/home/e1garcia/shotgun_PIRE/pire_cssl_data_processing/gazza_minuta/2nd_sequencing_run//raw_fq_capture//Gmi-CBas_049-Ex1-cssl2.2.fq.gz	17915574	17392300	9657980	9504425	8750421	8507988	2.92078	44.4698	1.58993	7.93319	2.77053	52.5107
/home/e1garcia/shotgun_PIRE/pire_cssl_data_processing/gazza_minuta/2nd_sequencing_run//raw_fq_capture//Gmi-CBas_053-Ex1-cssl.1.fq.gz	5738885	5622094	2771437	2732255	2539918	2469747	2.03508	50.7045	1.41378	7.0395	2.76273	56.9647
/home/e1garcia/shotgun_PIRE/pire_cssl_data_processing/gazza_minuta/2nd_sequencing_run//raw_fq_capture//Gmi-CBas_053-Ex1-cssl.2.fq.gz	5738885	5622094	2771437	2732255	2540679	2469747	2.03508	50.7045	1.41378	7.01164	2.79185	56.9647
/home/e1garcia/shotgun_PIRE/pire_cssl_data_processing/gazza_minuta/2nd_sequencing_run//raw_fq_capture//Gmi-CBas_054-Ex1-cssl2.1.fq.gz	8791109	8515730	4448238	4383006	4012199	3884609	3.13247	47.7645	1.46647	8.46011	3.18005	55.8121
/home/e1garcia/shotgun_PIRE/pire_cssl_data_processing/gazza_minuta/2nd_sequencing_run//raw_fq_capture//Gmi-CBas_054-Ex1-cssl2.2.fq.gz	8791109	8515730	4448238	4383006	4012300	3884609	3.13247	47.7645	1.46647	8.4578	3.18249	55.8121
/home/e1garcia/shotgun_PIRE/pire_cssl_data_processing/gazza_minuta/2nd_sequencing_run//raw_fq_capture//Gmi-CBas_055-Ex1-cssl.1.fq.gz	6660751	6501402	3307761	3259427	2985504	2892995	2.39236	49.1223	1.46123	8.40402	3.09861	56.5665
/home/e1garcia/shotgun_PIRE/pire_cssl_data_processing/gazza_minuta/2nd_sequencing_run//raw_fq_capture//Gmi-CBas_055-Ex1-cssl.2.fq.gz	6660751	6501402	3307761	3259427	2986190	2892995	2.39236	49.1223	1.46123	8.38298	3.12087	56.5665
/home/e1garcia/shotgun_PIRE/pire_cssl_data_processing/gazza_minuta/2nd_sequencing_run//raw_fq_capture//Gmi-CBas_057-Ex1-cssl2.1.fq.gz	4809238	4676277	2425747	2400044	2199496	2161868	2.7647	48.1265	1.05959	8.35601	1.71076	55.0476
/home/e1garcia/shotgun_PIRE/pire_cssl_data_processing/gazza_minuta/2nd_sequencing_run//raw_fq_capture//Gmi-CBas_057-Ex1-cssl2.2.fq.gz	4809238	4676277	2425747	2400044	2198727	2161868	2.7647	48.1265	1.05959	8.38805	1.67638	55.0476
/home/e1garcia/shotgun_PIRE/pire_cssl_data_processing/gazza_minuta/2nd_sequencing_run//raw_fq_capture//Gmi-CBas_058-Ex1-cssl.1.fq.gz	4683592	4577340	2321265	2288319	2118873	2055683	2.2686	49.2879	1.41931	7.40482	2.98225	56.1088
/home/e1garcia/shotgun_PIRE/pire_cssl_data_processing/gazza_minuta/2nd_sequencing_run//raw_fq_capture//Gmi-CBas_058-Ex1-cssl.2.fq.gz	4683592	4577340	2321265	2288319	2118313	2055683	2.2686	49.2879	1.41931	7.4293	2.9566	56.1088
/home/e1garcia/shotgun_PIRE/pire_cssl_data_processing/gazza_minuta/2nd_sequencing_run//raw_fq_capture//Gmi-CBas_060-Ex1-cssl.1.fq.gz	5057800	4946173	2469284	2434516	2252130	2182789	2.20703	50.0769	1.40802	7.49167	3.07891	56.8431
/home/e1garcia/shotgun_PIRE/pire_cssl_data_processing/gazza_minuta/2nd_sequencing_run//raw_fq_capture//Gmi-CBas_060-Ex1-cssl.2.fq.gz	5057800	4946173	2469284	2434516	2252615	2182789	2.20703	50.0769	1.40802	7.47175	3.09978	56.8431
/home/e1garcia/shotgun_PIRE/pire_cssl_data_processing/gazza_minuta/2nd_sequencing_run//raw_fq_capture//Gmi-CBas_061-Ex1-cssl.1.fq.gz	6291174	6153018	2949662	2907652	2682593	2608610	2.19603	52.0615	1.42423	7.74023	2.75789	58.5354
/home/e1garcia/shotgun_PIRE/pire_cssl_data_processing/gazza_minuta/2nd_sequencing_run//raw_fq_capture//Gmi-CBas_061-Ex1-cssl.2.fq.gz	6291174	6153018	2949662	2907652	2684656	2608610	2.19603	52.0615	1.42423	7.66928	2.83262	58.5354
/home/e1garcia/shotgun_PIRE/pire_cssl_data_processing/gazza_minuta/2nd_sequencing_run//raw_fq_capture//Gmi-CBas_064-Ex1-cssl2.1.fq.gz	20059904	19594371	10842760	10709710	10035319	9783799	2.32071	44.6639	1.22709	6.29701	2.50635	51.2271
/home/e1garcia/shotgun_PIRE/pire_cssl_data_processing/gazza_minuta/2nd_sequencing_run//raw_fq_capture//Gmi-CBas_064-Ex1-cssl2.2.fq.gz	20059904	19594371	10842760	10709710	10032181	9783799	2.32071	44.6639	1.22709	6.32631	2.47585	51.2271
/home/e1garcia/shotgun_PIRE/pire_cssl_data_processing/gazza_minuta/2nd_sequencing_run//raw_fq_capture//Gmi-CBas_066-Ex1-cssl2.1.fq.gz	4534208	4321027	2466985	2434167	2211829	2142796	4.70161	42.9074	1.33029	9.13405	3.12108	52.7416
/home/e1garcia/shotgun_PIRE/pire_cssl_data_processing/gazza_minuta/2nd_sequencing_run//raw_fq_capture//Gmi-CBas_066-Ex1-cssl2.2.fq.gz	4534208	4321027	2466985	2434167	2212359	2142796	4.70161	42.9074	1.33029	9.11228	3.14429	52.7416
/home/e1garcia/shotgun_PIRE/pire_cssl_data_processing/gazza_minuta/2nd_sequencing_run//raw_fq_capture//Gmi-CBas_067-Ex1-cssl.1.fq.gz	5604024	5478289	2621231	2585041	2381602	2315727	2.24366	52.1524	1.38065	7.86986	2.766	58.6774
/home/e1garcia/shotgun_PIRE/pire_cssl_data_processing/gazza_minuta/2nd_sequencing_run//raw_fq_capture//Gmi-CBas_067-Ex1-cssl.2.fq.gz	5604024	5478289	2621231	2585041	2381935	2315727	2.24366	52.1524	1.38065	7.85697	2.77959	58.6774
/home/e1garcia/shotgun_PIRE/pire_cssl_data_processing/gazza_minuta/2nd_sequencing_run//raw_fq_capture//Gmi-CBas_068-Ex1-cssl2.1.fq.gz	16936605	16425764	8588863	8470157	7811843	7577765	3.01619	47.711	1.38209	7.77216	2.99645	55.2581
/home/e1garcia/shotgun_PIRE/pire_cssl_data_processing/gazza_minuta/2nd_sequencing_run//raw_fq_capture//Gmi-CBas_068-Ex1-cssl2.2.fq.gz	16936605	16425764	8588863	8470157	7811237	7577765	3.01619	47.711	1.38209	7.77931	2.98892	55.2581
/home/e1garcia/shotgun_PIRE/pire_cssl_data_processing/gazza_minuta/2nd_sequencing_run//raw_fq_capture//Gmi-CBas_069-Ex1-cssl2.1.fq.gz	9545323	9214527	4774286	4712402	4189834	4071710	3.46553	48.1874	1.29619	11.0892	2.8193	57.3434
/home/e1garcia/shotgun_PIRE/pire_cssl_data_processing/gazza_minuta/2nd_sequencing_run//raw_fq_capture//Gmi-CBas_069-Ex1-cssl2.2.fq.gz	9545323	9214527	4774286	4712402	4191585	4071710	3.46553	48.1874	1.29619	11.052	2.8599	57.3434
/home/e1garcia/shotgun_PIRE/pire_cssl_data_processing/gazza_minuta/2nd_sequencing_run//raw_fq_capture//Gmi-CBas_070-Ex1-cssl.1.fq.gz	3877416	3746672	1863270	1834336	1672371	1616296	3.37194	50.2687	1.55286	8.82963	3.35302	58.3151
/home/e1garcia/shotgun_PIRE/pire_cssl_data_processing/gazza_minuta/2nd_sequencing_run//raw_fq_capture//Gmi-CBas_070-Ex1-cssl.2.fq.gz	3877416	3746672	1863270	1834336	1672473	1616296	3.37194	50.2687	1.55286	8.82406	3.35892	58.3151
/home/e1garcia/shotgun_PIRE/pire_cssl_data_processing/gazza_minuta/2nd_sequencing_run//raw_fq_capture//Gmi-CBas_071-Ex1-cssl.1.fq.gz	6872083	6668829	3236319	3189565	2911119	2824474	2.95768	51.471	1.44467	8.72991	2.97635	58.8993
/home/e1garcia/shotgun_PIRE/pire_cssl_data_processing/gazza_minuta/2nd_sequencing_run//raw_fq_capture//Gmi-CBas_071-Ex1-cssl.2.fq.gz	6872083	6668829	3236319	3189565	2911331	2824474	2.95768	51.471	1.44467	8.72326	2.98341	58.8993
/home/e1garcia/shotgun_PIRE/pire_cssl_data_processing/gazza_minuta/2nd_sequencing_run//raw_fq_capture//Gmi-CBas_075-Ex1-cssl2.1.fq.gz	18300367	17818645	9863246	9720634	9106971	8865982	2.63231	44.6465	1.44589	6.31299	2.6462	51.553
/home/e1garcia/shotgun_PIRE/pire_cssl_data_processing/gazza_minuta/2nd_sequencing_run//raw_fq_capture//Gmi-CBas_075-Ex1-cssl2.2.fq.gz	18300367	17818645	9863246	9720634	9104360	8865982	2.63231	44.6465	1.44589	6.33985	2.61828	51.553
/home/e1garcia/shotgun_PIRE/pire_cssl_data_processing/gazza_minuta/2nd_sequencing_run//raw_fq_capture//Gmi-CBas_078-Ex1-cssl.1.fq.gz	7355224	7115059	3535378	3482851	3155441	3055036	3.26523	50.3113	1.48575	9.40063	3.18196	58.4644
/home/e1garcia/shotgun_PIRE/pire_cssl_data_processing/gazza_minuta/2nd_sequencing_run//raw_fq_capture//Gmi-CBas_078-Ex1-cssl.2.fq.gz	7355224	7115059	3535378	3482851	3154741	3055036	3.26523	50.3113	1.48575	9.42073	3.16048	58.4644
/home/e1garcia/shotgun_PIRE/pire_cssl_data_processing/gazza_minuta/2nd_sequencing_run//raw_fq_capture//Gmi-CBas_079-Ex1-cssl.1.fq.gz	8294039	8000764	4144932	4081661	3760557	3646910	3.53597	48.1933	1.52647	7.86699	3.02208	56.0297
/home/e1garcia/shotgun_PIRE/pire_cssl_data_processing/gazza_minuta/2nd_sequencing_run//raw_fq_capture//Gmi-CBas_079-Ex1-cssl.2.fq.gz	8294039	8000764	4144932	4081661	3760684	3646910	3.53597	48.1933	1.52647	7.86388	3.02535	56.0297
/home/e1garcia/shotgun_PIRE/pire_cssl_data_processing/gazza_minuta/2nd_sequencing_run//raw_fq_capture//Gmi-CBas_080-Ex1-cssl2.1.fq.gz	14600939	14192863	5730709	5647979	5245762	5108421	2.79486	59.6226	1.44363	7.12143	2.61813	65.0131
/home/e1garcia/shotgun_PIRE/pire_cssl_data_processing/gazza_minuta/2nd_sequencing_run//raw_fq_capture//Gmi-CBas_080-Ex1-cssl2.2.fq.gz	14600939	14192863	5730767	5647979	5246748	5108421	2.79486	59.6222	1.44462	7.10397	2.63643	65.0131
/home/e1garcia/shotgun_PIRE/pire_cssl_data_processing/gazza_minuta/2nd_sequencing_run//raw_fq_capture//Gmi-CBas_081-Ex1-cssl.1.fq.gz	6743029	6533372	3236791	3187893	2955586	2865127	3.10924	50.4576	1.51069	7.28716	3.06061	57.5098
/home/e1garcia/shotgun_PIRE/pire_cssl_data_processing/gazza_minuta/2nd_sequencing_run//raw_fq_capture//Gmi-CBas_081-Ex1-cssl.2.fq.gz	6743029	6533372	3236791	3187893	2955281	2865127	3.10924	50.4576	1.51069	7.29673	3.05061	57.5098
/home/e1garcia/shotgun_PIRE/pire_cssl_data_processing/gazza_minuta/2nd_sequencing_run//raw_fq_capture//Gmi-CBas_082-Ex1-cssl2.1.fq.gz	15907426	15437859	8377257	8252585	7622683	7416673	2.95187	45.7356	1.48822	7.63278	2.70259	53.376
/home/e1garcia/shotgun_PIRE/pire_cssl_data_processing/gazza_minuta/2nd_sequencing_run//raw_fq_capture//Gmi-CBas_082-Ex1-cssl2.2.fq.gz	15907426	15437859	8377257	8252585	7625262	7416673	2.95187	45.7356	1.48822	7.60153	2.7355	53.376
/home/e1garcia/shotgun_PIRE/pire_cssl_data_processing/gazza_minuta/2nd_sequencing_run//raw_fq_capture//Gmi-CBas_083-Ex1-cssl2.1.fq.gz	7179896	7046137	3627262	3583935	3343787	3262256	1.86297	48.5213	1.19448	6.70068	2.43828	54.564
/home/e1garcia/shotgun_PIRE/pire_cssl_data_processing/gazza_minuta/2nd_sequencing_run//raw_fq_capture//Gmi-CBas_083-Ex1-cssl2.2.fq.gz	7179896	7046137	3627262	3583935	3342857	3262256	1.86297	48.5213	1.19448	6.72663	2.41114	54.564
/home/e1garcia/shotgun_PIRE/pire_cssl_data_processing/gazza_minuta/2nd_sequencing_run//raw_fq_capture//Gmi-CBas_084-Ex1-cssl.1.fq.gz	3227693	3165535	1544721	1525464	1424780	1388807	1.92577	51.2019	1.24663	6.60022	2.52481	56.9721
/home/e1garcia/shotgun_PIRE/pire_cssl_data_processing/gazza_minuta/2nd_sequencing_run//raw_fq_capture//Gmi-CBas_084-Ex1-cssl.2.fq.gz	3227693	3165535	1544721	1525464	1424209	1388807	1.92577	51.2019	1.24663	6.63765	2.48573	56.9721
/home/e1garcia/shotgun_PIRE/pire_cssl_data_processing/gazza_minuta/2nd_sequencing_run//raw_fq_capture//Gmi-CBas_085-Ex1-cssl.1.fq.gz	6864664	6745399	3371996	3333206	3109027	3046683	1.73738	50.0104	1.15036	6.72563	2.00526	55.6179
/home/e1garcia/shotgun_PIRE/pire_cssl_data_processing/gazza_minuta/2nd_sequencing_run//raw_fq_capture//Gmi-CBas_085-Ex1-cssl.2.fq.gz	6864664	6745399	3371996	3333206	3108349	3046683	1.73738	50.0104	1.15036	6.74597	1.98388	55.6179
/home/e1garcia/shotgun_PIRE/pire_cssl_data_processing/gazza_minuta/2nd_sequencing_run//raw_fq_capture//Gmi-CBas_086-Ex1-cssl2.1.fq.gz	3248764	3174030	1632739	1607764	1489090	1439250	2.30038	48.5594	1.52964	7.38131	3.34701	55.6985
/home/e1garcia/shotgun_PIRE/pire_cssl_data_processing/gazza_minuta/2nd_sequencing_run//raw_fq_capture//Gmi-CBas_086-Ex1-cssl2.2.fq.gz	3248764	3174030	1632739	1607764	1490529	1439250	2.30038	48.5594	1.52964	7.2918	3.44032	55.6985
/home/e1garcia/shotgun_PIRE/pire_cssl_data_processing/gazza_minuta/2nd_sequencing_run//raw_fq_capture//Gmi-CBas_088-Ex1-cssl.1.fq.gz	5086123	4973384	2598072	2566666	2394128	2335572	2.2166	47.7605	1.20882	6.72226	2.44582	54.0795
/home/e1garcia/shotgun_PIRE/pire_cssl_data_processing/gazza_minuta/2nd_sequencing_run//raw_fq_capture//Gmi-CBas_088-Ex1-cssl.2.fq.gz	5086123	4973384	2598072	2566666	2392932	2335572	2.2166	47.7605	1.20882	6.76886	2.39706	54.0795
/home/e1garcia/shotgun_PIRE/pire_cssl_data_processing/gazza_minuta/2nd_sequencing_run//raw_fq_capture//Gmi-CBas_089-Ex1-cssl.1.fq.gz	3791180	3672062	1895995	1869301	1711113	1654911	3.14198	48.367	1.40792	8.46241	3.28453	56.3484
/home/e1garcia/shotgun_PIRE/pire_cssl_data_processing/gazza_minuta/2nd_sequencing_run//raw_fq_capture//Gmi-CBas_089-Ex1-cssl.2.fq.gz	3791180	3672062	1895995	1869301	1710528	1654911	3.14198	48.367	1.40792	8.49371	3.25145	56.3484
/home/e1garcia/shotgun_PIRE/pire_cssl_data_processing/gazza_minuta/2nd_sequencing_run//raw_fq_capture//Gmi-CBas_090-Ex1-cssl.1.fq.gz	3638099	3530667	1852867	1825420	1675337	1621013	2.95297	47.5208	1.48133	8.22183	3.24257	55.4434
/home/e1garcia/shotgun_PIRE/pire_cssl_data_processing/gazza_minuta/2nd_sequencing_run//raw_fq_capture//Gmi-CBas_090-Ex1-cssl.2.fq.gz	3638099	3530667	1852867	1825420	1676373	1621013	2.95297	47.5208	1.48133	8.16508	3.30237	55.4434
/home/e1garcia/shotgun_PIRE/pire_cssl_data_processing/gazza_minuta/2nd_sequencing_run//raw_fq_capture//Gmi-CBas_091-Ex1-cssl.1.fq.gz	5151851	5019696	2620045	2584784	2384033	2312607	2.56519	47.8047	1.34582	7.76665	2.99602	55.1111
/home/e1garcia/shotgun_PIRE/pire_cssl_data_processing/gazza_minuta/2nd_sequencing_run//raw_fq_capture//Gmi-CBas_091-Ex1-cssl.2.fq.gz	5151851	5019696	2620045	2584784	2384538	2312607	2.56519	47.8047	1.34582	7.74711	3.01656	55.1111
/home/e1garcia/shotgun_PIRE/pire_cssl_data_processing/gazza_minuta/2nd_sequencing_run//raw_fq_capture//Gmi-CBas_092-Ex1-cssl2.1.fq.gz	15712599	15288515	8420271	8293305	7731155	7536229	2.69901	44.9242	1.50786	6.77836	2.52131	52.037
/home/e1garcia/shotgun_PIRE/pire_cssl_data_processing/gazza_minuta/2nd_sequencing_run//raw_fq_capture//Gmi-CBas_092-Ex1-cssl2.2.fq.gz	15712599	15288515	8420271	8293305	7734312	7536229	2.69901	44.9242	1.50786	6.74029	2.56109	52.037
/home/e1garcia/shotgun_PIRE/pire_cssl_data_processing/gazza_minuta/2nd_sequencing_run//raw_fq_capture//Gmi-CBas_093-Ex1-cssl.1.fq.gz	3102217	3005914	1577434	1554087	1420279	1374636	3.10433	47.5223	1.48006	8.61007	3.21366	55.6886
/home/e1garcia/shotgun_PIRE/pire_cssl_data_processing/gazza_minuta/2nd_sequencing_run//raw_fq_capture//Gmi-CBas_093-Ex1-cssl.2.fq.gz	3102217	3005914	1577434	1554087	1421434	1374636	3.10433	47.5223	1.48006	8.53575	3.29231	55.6886
/home/e1garcia/shotgun_PIRE/pire_cssl_data_processing/gazza_minuta/2nd_sequencing_run//raw_fq_capture//Gmi-CBas_094-Ex1-cssl.1.fq.gz	5009990	4804701	2512458	2475576	2214134	2134149	4.09759	47.7083	1.46796	10.5609	3.61247	57.4021
/home/e1garcia/shotgun_PIRE/pire_cssl_data_processing/gazza_minuta/2nd_sequencing_run//raw_fq_capture//Gmi-CBas_094-Ex1-cssl.2.fq.gz	5009990	4804701	2512458	2475576	2214759	2134149	4.09759	47.7083	1.46796	10.5356	3.63967	57.4021
/home/e1garcia/shotgun_PIRE/pire_cssl_data_processing/gazza_minuta/2nd_sequencing_run//raw_fq_capture//Gmi-CBas_095-Ex1-cssl2.1.fq.gz	13004901	12624974	6821784	6718697	6266289	6107839	2.92141	45.966	1.51114	6.73357	2.52861	53.0343
/home/e1garcia/shotgun_PIRE/pire_cssl_data_processing/gazza_minuta/2nd_sequencing_run//raw_fq_capture//Gmi-CBas_095-Ex1-cssl2.2.fq.gz	13004901	12624974	6821784	6718697	6268551	6107839	2.92141	45.966	1.51114	6.6999	2.56378	53.0343
/home/e1garcia/shotgun_PIRE/pire_cssl_data_processing/gazza_minuta/2nd_sequencing_run//raw_fq_capture//Gmi-CBat_001-Ex1-cssl.1.fq.gz	2951066	2879757	1417212	1398759	1277346	1238556	2.41638	50.7871	1.30206	8.68005	3.03677	58.0302
/home/e1garcia/shotgun_PIRE/pire_cssl_data_processing/gazza_minuta/2nd_sequencing_run//raw_fq_capture//Gmi-CBat_001-Ex1-cssl.2.fq.gz	2951066	2879757	1417212	1398759	1277904	1238556	2.41638	50.7871	1.30206	8.64016	3.0791	58.0302
/home/e1garcia/shotgun_PIRE/pire_cssl_data_processing/gazza_minuta/2nd_sequencing_run//raw_fq_capture//Gmi-CBat_002-Ex1-cssl2.1.fq.gz	4259738	4147830	2209803	2176443	1977798	1921058	2.62711	46.7239	1.50964	9.12705	2.86885	54.902
/home/e1garcia/shotgun_PIRE/pire_cssl_data_processing/gazza_minuta/2nd_sequencing_run//raw_fq_capture//Gmi-CBat_002-Ex1-cssl2.2.fq.gz	4259738	4147830	2209803	2176443	1980112	1921058	2.62711	46.7239	1.50964	9.02073	2.98236	54.902
/home/e1garcia/shotgun_PIRE/pire_cssl_data_processing/gazza_minuta/2nd_sequencing_run//raw_fq_capture//Gmi-CBat_003-Ex1-cssl.1.fq.gz	4010071	3898721	1971074	1944430	1725964	1665568	2.77676	49.4431	1.35175	11.2355	3.49926	58.4654
/home/e1garcia/shotgun_PIRE/pire_cssl_data_processing/gazza_minuta/2nd_sequencing_run//raw_fq_capture//Gmi-CBat_003-Ex1-cssl.2.fq.gz	4010071	3898721	1971074	1944430	1727538	1665568	2.77676	49.4431	1.35175	11.1545	3.58719	58.4654
/home/e1garcia/shotgun_PIRE/pire_cssl_data_processing/gazza_minuta/2nd_sequencing_run//raw_fq_capture//Gmi-CBat_004-Ex1-cssl.1.fq.gz	8076061	7867700	3818977	3763431	3449292	3347730	2.57998	51.4601	1.45447	8.34714	2.94443	58.5475
/home/e1garcia/shotgun_PIRE/pire_cssl_data_processing/gazza_minuta/2nd_sequencing_run//raw_fq_capture//Gmi-CBat_004-Ex1-cssl.2.fq.gz	8076061	7867700	3818977	3763431	3449813	3347730	2.57998	51.4601	1.45447	8.3333	2.95909	58.5475
/home/e1garcia/shotgun_PIRE/pire_cssl_data_processing/gazza_minuta/2nd_sequencing_run//raw_fq_capture//Gmi-CBat_005-Ex1-cssl2.1.fq.gz	6607619	6451942	3448549	3401249	3059375	2970202	2.35602	46.5502	1.37159	10.0514	2.91475	55.0488
/home/e1garcia/shotgun_PIRE/pire_cssl_data_processing/gazza_minuta/2nd_sequencing_run//raw_fq_capture//Gmi-CBat_005-Ex1-cssl2.2.fq.gz	6607619	6451942	3448549	3401249	3063553	2970202	2.35602	46.5502	1.37159	9.92859	3.04715	55.0488
