GmA01001_CKDL210018111-1a-5UDI301-AK533_HH72GDSX2_L1_clmp_fp2_repr.R1.fq.gz, Gmi-AHam_001-GmA01001-L1-fp1-clmp-fp2-fqscrn-repr.R1.fq.gz
GmA01001_CKDL210018111-1a-5UDI301-AK533_HH72GDSX2_L1_clmp_fp2_repr.R2.fq.gz, Gmi-AHam_001-GmA01001-L1-fp1-clmp-fp2-fqscrn-repr.R2.fq.gz
GmA01002_CKDL210018111-1a-5UDI301-AK8488_HH72GDSX2_L1_clmp_fp2_repr.R1.fq.gz, Gmi-AHam_002-GmA01002-L1-fp1-clmp-fp2-fqscrn-repr.R1.fq.gz
GmA01002_CKDL210018111-1a-5UDI301-AK8488_HH72GDSX2_L1_clmp_fp2_repr.R2.fq.gz, Gmi-AHam_002-GmA01002-L1-fp1-clmp-fp2-fqscrn-repr.R2.fq.gz
GmA01003_CKDL210018111-1a-5UDI301-AK4236_HH72GDSX2_L1_clmp_fp2_repr.R1.fq.gz, Gmi-AHam_003-GmA01003-L1-fp1-clmp-fp2-fqscrn-repr.R1.fq.gz
GmA01003_CKDL210018111-1a-5UDI301-AK4236_HH72GDSX2_L1_clmp_fp2_repr.R2.fq.gz, Gmi-AHam_003-GmA01003-L1-fp1-clmp-fp2-fqscrn-repr.R2.fq.gz
GmA01004_CKDL210018111-1a-AK7078-AK4234_HH72GDSX2_L1_clmp_fp2_repr.R1.fq.gz, Gmi-AHam_004-GmA01004-L1-fp1-clmp-fp2-fqscrn-repr.R1.fq.gz
GmA01004_CKDL210018111-1a-AK7078-AK4234_HH72GDSX2_L1_clmp_fp2_repr.R2.fq.gz, Gmi-AHam_004-GmA01004-L1-fp1-clmp-fp2-fqscrn-repr.R2.fq.gz
GmA01010_CKDL210018111-1a-AK7758-AK4234_HH72GDSX2_L1_clmp_fp2_repr.R1.fq.gz, Gmi-AHam_010-GmA01010-L1-fp1-clmp-fp2-fqscrn-repr.R1.fq.gz
GmA01010_CKDL210018111-1a-AK7758-AK4234_HH72GDSX2_L1_clmp_fp2_repr.R2.fq.gz, Gmi-AHam_010-GmA01010-L1-fp1-clmp-fp2-fqscrn-repr.R2.fq.gz
GmA01011_CKDL210018111-1a-AK7758-GD06_HH72GDSX2_L1_clmp_fp2_repr.R1.fq.gz, Gmi-AHam_011-GmA01011-L1-fp1-clmp-fp2-fqscrn-repr.R1.fq.gz
GmA01011_CKDL210018111-1a-AK7758-GD06_HH72GDSX2_L1_clmp_fp2_repr.R2.fq.gz, Gmi-AHam_011-GmA01011-L1-fp1-clmp-fp2-fqscrn-repr.R2.fq.gz
GmA01013_CKDL210018111-1a-5UDI301-AK7557_HH72GDSX2_L1_clmp_fp2_repr.R1.fq.gz, Gmi-AHam_013-GmA01013-L1-fp1-clmp-fp2-fqscrn-repr.R1.fq.gz
GmA01013_CKDL210018111-1a-5UDI301-AK7557_HH72GDSX2_L1_clmp_fp2_repr.R2.fq.gz, Gmi-AHam_013-GmA01013-L1-fp1-clmp-fp2-fqscrn-repr.R2.fq.gz
GmA01014_CKDL210018111-1a-5UDI301-GC06_HH72GDSX2_L1_clmp_fp2_repr.R1.fq.gz, Gmi-AHam_014-GmA01014-L1-fp1-clmp-fp2-fqscrn-repr.R1.fq.gz
GmA01014_CKDL210018111-1a-5UDI301-GC06_HH72GDSX2_L1_clmp_fp2_repr.R2.fq.gz, Gmi-AHam_014-GmA01014-L1-fp1-clmp-fp2-fqscrn-repr.R2.fq.gz
GmA01015_CKDL210018111-1a-5UDI301-AK10343_HH72GDSX2_L1_clmp_fp2_repr.R1.fq.gz, Gmi-AHam_015-GmA01015-L1-fp1-clmp-fp2-fqscrn-repr.R1.fq.gz
GmA01015_CKDL210018111-1a-5UDI301-AK10343_HH72GDSX2_L1_clmp_fp2_repr.R2.fq.gz, Gmi-AHam_015-GmA01015-L1-fp1-clmp-fp2-fqscrn-repr.R2.fq.gz
GmA01016_CKDL210018111-1a-5UDI301-AK4234_HH72GDSX2_L1_clmp_fp2_repr.R1.fq.gz, Gmi-AHam_016-GmA01016-L1-fp1-clmp-fp2-fqscrn-repr.R1.fq.gz
GmA01016_CKDL210018111-1a-5UDI301-AK4234_HH72GDSX2_L1_clmp_fp2_repr.R2.fq.gz, Gmi-AHam_016-GmA01016-L1-fp1-clmp-fp2-fqscrn-repr.R2.fq.gz
GmA01017_CKDL210018111-1a-AK7078-GD06_HH72GDSX2_L1_clmp_fp2_repr.R1.fq.gz, Gmi-AHam_017-GmA01017-L1-fp1-clmp-fp2-fqscrn-repr.R1.fq.gz
GmA01017_CKDL210018111-1a-AK7078-GD06_HH72GDSX2_L1_clmp_fp2_repr.R2.fq.gz, Gmi-AHam_017-GmA01017-L1-fp1-clmp-fp2-fqscrn-repr.R2.fq.gz
GmA01018_CKDL210018111-1a-AK7758-AK7557_HH72GDSX2_L1_clmp_fp2_repr.R1.fq.gz, Gmi-AHam_018-GmA01018-L1-fp1-clmp-fp2-fqscrn-repr.R1.fq.gz
GmA01018_CKDL210018111-1a-AK7758-AK7557_HH72GDSX2_L1_clmp_fp2_repr.R2.fq.gz, Gmi-AHam_018-GmA01018-L1-fp1-clmp-fp2-fqscrn-repr.R2.fq.gz
GmA01026_CKDL210018111-1a-AK7078-AK8488_HH72GDSX2_L1_clmp_fp2_repr.R1.fq.gz, Gmi-AHam_026-GmA01026-L1-fp1-clmp-fp2-fqscrn-repr.R1.fq.gz
GmA01026_CKDL210018111-1a-AK7078-AK8488_HH72GDSX2_L1_clmp_fp2_repr.R2.fq.gz, Gmi-AHam_026-GmA01026-L1-fp1-clmp-fp2-fqscrn-repr.R2.fq.gz
GmA01027_CKDL210018111-1a-AK7078-AK4236_HH72GDSX2_L1_clmp_fp2_repr.R1.fq.gz, Gmi-AHam_027-GmA01027-L1-fp1-clmp-fp2-fqscrn-repr.R1.fq.gz
GmA01027_CKDL210018111-1a-AK7078-AK4236_HH72GDSX2_L1_clmp_fp2_repr.R2.fq.gz, Gmi-AHam_027-GmA01027-L1-fp1-clmp-fp2-fqscrn-repr.R2.fq.gz
GmA01028_CKDL210018111-1a-5UDI301-GD06_HH72GDSX2_L1_clmp_fp2_repr.R1.fq.gz, Gmi-AHam_028-GmA01028-L1-fp1-clmp-fp2-fqscrn-repr.R1.fq.gz
GmA01028_CKDL210018111-1a-5UDI301-GD06_HH72GDSX2_L1_clmp_fp2_repr.R2.fq.gz, Gmi-AHam_028-GmA01028-L1-fp1-clmp-fp2-fqscrn-repr.R2.fq.gz
GmA01029_CKDL210018111-1a-AK7758-AK533_HH72GDSX2_L1_clmp_fp2_repr.R1.fq.gz, Gmi-AHam_029-GmA01029-L1-fp1-clmp-fp2-fqscrn-repr.R1.fq.gz
GmA01029_CKDL210018111-1a-AK7758-AK533_HH72GDSX2_L1_clmp_fp2_repr.R2.fq.gz, Gmi-AHam_029-GmA01029-L1-fp1-clmp-fp2-fqscrn-repr.R2.fq.gz
GmA01030_CKDL210018111-1a-AK7758-AK8488_HH72GDSX2_L1_clmp_fp2_repr.R1.fq.gz, Gmi-AHam_030-GmA01030-L1-fp1-clmp-fp2-fqscrn-repr.R1.fq.gz
GmA01030_CKDL210018111-1a-AK7758-AK8488_HH72GDSX2_L1_clmp_fp2_repr.R2.fq.gz, Gmi-AHam_030-GmA01030-L1-fp1-clmp-fp2-fqscrn-repr.R2.fq.gz
GmA01031_CKDL210018111-1a-AK7758-AK4236_HH72GDSX2_L1_clmp_fp2_repr.R1.fq.gz, Gmi-AHam_031-GmA01031-L1-fp1-clmp-fp2-fqscrn-repr.R1.fq.gz
GmA01031_CKDL210018111-1a-AK7758-AK4236_HH72GDSX2_L1_clmp_fp2_repr.R2.fq.gz, Gmi-AHam_031-GmA01031-L1-fp1-clmp-fp2-fqscrn-repr.R2.fq.gz
GmA01032_CKDL210018111-1a-AK7758-AK10343_HH72GDSX2_L1_clmp_fp2_repr.R1.fq.gz, Gmi-AHam_032-GmA01032-L1-fp1-clmp-fp2-fqscrn-repr.R1.fq.gz
GmA01032_CKDL210018111-1a-AK7758-AK10343_HH72GDSX2_L1_clmp_fp2_repr.R2.fq.gz, Gmi-AHam_032-GmA01032-L1-fp1-clmp-fp2-fqscrn-repr.R2.fq.gz
GmA01033_CKDL210018111-1a-AK9143-AK4234_HH72GDSX2_L1_clmp_fp2_repr.R1.fq.gz, Gmi-AHam_033-GmA01033-L1-fp1-clmp-fp2-fqscrn-repr.R1.fq.gz
GmA01033_CKDL210018111-1a-AK9143-AK4234_HH72GDSX2_L1_clmp_fp2_repr.R2.fq.gz, Gmi-AHam_033-GmA01033-L1-fp1-clmp-fp2-fqscrn-repr.R2.fq.gz
GmA01035_CKDL210018111-1a-AK7078-AK533_HH72GDSX2_L1_clmp_fp2_repr.R1.fq.gz, Gmi-AHam_035-GmA01035-L1-fp1-clmp-fp2-fqscrn-repr.R1.fq.gz
GmA01035_CKDL210018111-1a-AK7078-AK533_HH72GDSX2_L1_clmp_fp2_repr.R2.fq.gz, Gmi-AHam_035-GmA01035-L1-fp1-clmp-fp2-fqscrn-repr.R2.fq.gz
GmA01037_CKDL210018111-1a-AK7078-AK7557_HH72GDSX2_L1_clmp_fp2_repr.R1.fq.gz, Gmi-AHam_037-GmA01037-L1-fp1-clmp-fp2-fqscrn-repr.R1.fq.gz
GmA01037_CKDL210018111-1a-AK7078-AK7557_HH72GDSX2_L1_clmp_fp2_repr.R2.fq.gz, Gmi-AHam_037-GmA01037-L1-fp1-clmp-fp2-fqscrn-repr.R2.fq.gz
GmA01039_CKDL210018111-1a-AK7078-AK10343_HH72GDSX2_L1_clmp_fp2_repr.R1.fq.gz, Gmi-AHam_039-GmA01039-L1-fp1-clmp-fp2-fqscrn-repr.R1.fq.gz
GmA01039_CKDL210018111-1a-AK7078-AK10343_HH72GDSX2_L1_clmp_fp2_repr.R2.fq.gz, Gmi-AHam_039-GmA01039-L1-fp1-clmp-fp2-fqscrn-repr.R2.fq.gz
GmA01041_CKDL210018111-1a-AK9143-AK533_HH72GDSX2_L1_clmp_fp2_repr.R1.fq.gz, Gmi-AHam_041-GmA01041-L1-fp1-clmp-fp2-fqscrn-repr.R1.fq.gz
GmA01041_CKDL210018111-1a-AK9143-AK533_HH72GDSX2_L1_clmp_fp2_repr.R2.fq.gz, Gmi-AHam_041-GmA01041-L1-fp1-clmp-fp2-fqscrn-repr.R2.fq.gz
GmA01042_CKDL210018111-1a-AK7758-GC06_HH72GDSX2_L1_clmp_fp2_repr.R1.fq.gz, Gmi-AHam_042-GmA01042-L1-fp1-clmp-fp2-fqscrn-repr.R1.fq.gz
GmA01042_CKDL210018111-1a-AK7758-GC06_HH72GDSX2_L1_clmp_fp2_repr.R2.fq.gz, Gmi-AHam_042-GmA01042-L1-fp1-clmp-fp2-fqscrn-repr.R2.fq.gz
GmA01055_CKDL210018111-1a-AK9143-AK4236_HH72GDSX2_L1_clmp_fp2_repr.R1.fq.gz, Gmi-AHam_055-GmA01055-L1-fp1-clmp-fp2-fqscrn-repr.R1.fq.gz
GmA01055_CKDL210018111-1a-AK9143-AK4236_HH72GDSX2_L1_clmp_fp2_repr.R2.fq.gz, Gmi-AHam_055-GmA01055-L1-fp1-clmp-fp2-fqscrn-repr.R2.fq.gz
GmA01060_CKDL210018111-1a-5UDI225-AK533_HH72GDSX2_L1_clmp_fp2_repr.R1.fq.gz, Gmi-AHam_060-GmA01060-L1-fp1-clmp-fp2-fqscrn-repr.R1.fq.gz
GmA01060_CKDL210018111-1a-5UDI225-AK533_HH72GDSX2_L1_clmp_fp2_repr.R2.fq.gz, Gmi-AHam_060-GmA01060-L1-fp1-clmp-fp2-fqscrn-repr.R2.fq.gz
GmA01065_CKDL210018111-1a-AK9143-AK7557_HH72GDSX2_L1_clmp_fp2_repr.R1.fq.gz, Gmi-AHam_065-GmA01065-L1-fp1-clmp-fp2-fqscrn-repr.R1.fq.gz
GmA01065_CKDL210018111-1a-AK9143-AK7557_HH72GDSX2_L1_clmp_fp2_repr.R2.fq.gz, Gmi-AHam_065-GmA01065-L1-fp1-clmp-fp2-fqscrn-repr.R2.fq.gz
GmA01074_CKDL210018111-1a-AK7078-GC06_HH72GDSX2_L1_clmp_fp2_repr.R1.fq.gz, Gmi-AHam_074-GmA01074-L1-fp1-clmp-fp2-fqscrn-repr.R1.fq.gz
GmA01074_CKDL210018111-1a-AK7078-GC06_HH72GDSX2_L1_clmp_fp2_repr.R2.fq.gz, Gmi-AHam_074-GmA01074-L1-fp1-clmp-fp2-fqscrn-repr.R2.fq.gz
GmA01078_CKDL210018111-1a-AK9143-GC06_HH72GDSX2_L1_clmp_fp2_repr.R1.fq.gz, Gmi-AHam_078-GmA01078-L1-fp1-clmp-fp2-fqscrn-repr.R1.fq.gz
GmA01078_CKDL210018111-1a-AK9143-GC06_HH72GDSX2_L1_clmp_fp2_repr.R2.fq.gz, Gmi-AHam_078-GmA01078-L1-fp1-clmp-fp2-fqscrn-repr.R2.fq.gz
GmA01079_CKDL210018111-1a-AK9143-AK10343_HH72GDSX2_L1_clmp_fp2_repr.R1.fq.gz, Gmi-AHam_079-GmA01079-L1-fp1-clmp-fp2-fqscrn-repr.R1.fq.gz
GmA01079_CKDL210018111-1a-AK9143-AK10343_HH72GDSX2_L1_clmp_fp2_repr.R2.fq.gz, Gmi-AHam_079-GmA01079-L1-fp1-clmp-fp2-fqscrn-repr.R2.fq.gz
GmA01083_CKDL210018111-1a-AK9143-GD06_HH72GDSX2_L1_clmp_fp2_repr.R1.fq.gz, Gmi-AHam_083-GmA01083-L1-fp1-clmp-fp2-fqscrn-repr.R1.fq.gz
GmA01083_CKDL210018111-1a-AK9143-GD06_HH72GDSX2_L1_clmp_fp2_repr.R2.fq.gz, Gmi-AHam_083-GmA01083-L1-fp1-clmp-fp2-fqscrn-repr.R2.fq.gz
GmA01089_CKDL210018111-1a-AK9143-AK8488_HH72GDSX2_L1_clmp_fp2_repr.R1.fq.gz, Gmi-AHam_089-GmA01089-L1-fp1-clmp-fp2-fqscrn-repr.R1.fq.gz
GmA01089_CKDL210018111-1a-AK9143-AK8488_HH72GDSX2_L1_clmp_fp2_repr.R2.fq.gz, Gmi-AHam_089-GmA01089-L1-fp1-clmp-fp2-fqscrn-repr.R2.fq.gz
GmA02001_CKDL210018111-1a-AK3911-AK4234_HH72GDSX2_L1_clmp_fp2_repr.R1.fq.gz, Gmi-ABas_001-GmA02001-L1-fp1-clmp-fp2-fqscrn-repr.R1.fq.gz
GmA02001_CKDL210018111-1a-AK3911-AK4234_HH72GDSX2_L1_clmp_fp2_repr.R2.fq.gz, Gmi-ABas_001-GmA02001-L1-fp1-clmp-fp2-fqscrn-repr.R2.fq.gz
GmA02002_CKDL210018111-1a-5UDI225-AK7557_HH72GDSX2_L1_clmp_fp2_repr.R1.fq.gz, Gmi-ABas_002-GmA02002-L1-fp1-clmp-fp2-fqscrn-repr.R1.fq.gz
GmA02002_CKDL210018111-1a-5UDI225-AK7557_HH72GDSX2_L1_clmp_fp2_repr.R2.fq.gz, Gmi-ABas_002-GmA02002-L1-fp1-clmp-fp2-fqscrn-repr.R2.fq.gz
GmA02004_CKDL210018111-1a-5UDI225-AK4236_HH72GDSX2_L1_clmp_fp2_repr.R1.fq.gz, Gmi-ABas_004-GmA02004-L1-fp1-clmp-fp2-fqscrn-repr.R1.fq.gz
GmA02004_CKDL210018111-1a-5UDI225-AK4236_HH72GDSX2_L1_clmp_fp2_repr.R2.fq.gz, Gmi-ABas_004-GmA02004-L1-fp1-clmp-fp2-fqscrn-repr.R2.fq.gz
GmA02005_CKDL210018111-1a-5UDI225-AK10343_HH72GDSX2_L1_clmp_fp2_repr.R1.fq.gz, Gmi-ABas_005-GmA02005-L1-fp1-clmp-fp2-fqscrn-repr.R1.fq.gz
GmA02005_CKDL210018111-1a-5UDI225-AK10343_HH72GDSX2_L1_clmp_fp2_repr.R2.fq.gz, Gmi-ABas_005-GmA02005-L1-fp1-clmp-fp2-fqscrn-repr.R2.fq.gz
GmA02006_CKDL210018111-1a-5UDI225-AK4234_HH72GDSX2_L1_clmp_fp2_repr.R1.fq.gz, Gmi-ABas_006-GmA02006-L1-fp1-clmp-fp2-fqscrn-repr.R1.fq.gz
GmA02006_CKDL210018111-1a-5UDI225-AK4234_HH72GDSX2_L1_clmp_fp2_repr.R2.fq.gz, Gmi-ABas_006-GmA02006-L1-fp1-clmp-fp2-fqscrn-repr.R2.fq.gz
GmA02007_CKDL210018111-1a-AK9144-AK8488_HH72GDSX2_L1_clmp_fp2_repr.R1.fq.gz, Gmi-ABas_007-GmA02007-L1-fp1-clmp-fp2-fqscrn-repr.R1.fq.gz
GmA02007_CKDL210018111-1a-AK9144-AK8488_HH72GDSX2_L1_clmp_fp2_repr.R2.fq.gz, Gmi-ABas_007-GmA02007-L1-fp1-clmp-fp2-fqscrn-repr.R2.fq.gz
GmA02008_CKDL210018111-1a-AK9144-AK10343_HH72GDSX2_L1_clmp_fp2_repr.R1.fq.gz, Gmi-ABas_008-GmA02008-L1-fp1-clmp-fp2-fqscrn-repr.R1.fq.gz
GmA02008_CKDL210018111-1a-AK9144-AK10343_HH72GDSX2_L1_clmp_fp2_repr.R2.fq.gz, Gmi-ABas_008-GmA02008-L1-fp1-clmp-fp2-fqscrn-repr.R2.fq.gz
GmA02017_CKDL210018111-1a-5UDI225-AK8488_HH72GDSX2_L1_clmp_fp2_repr.R1.fq.gz, Gmi-ABas_017-GmA02017-L1-fp1-clmp-fp2-fqscrn-repr.R1.fq.gz
GmA02017_CKDL210018111-1a-5UDI225-AK8488_HH72GDSX2_L1_clmp_fp2_repr.R2.fq.gz, Gmi-ABas_017-GmA02017-L1-fp1-clmp-fp2-fqscrn-repr.R2.fq.gz
GmA02018_CKDL210018111-1a-AK9144-AK7557_HH72GDSX2_L1_clmp_fp2_repr.R1.fq.gz, Gmi-ABas_018-GmA02018-L1-fp1-clmp-fp2-fqscrn-repr.R1.fq.gz
GmA02018_CKDL210018111-1a-AK9144-AK7557_HH72GDSX2_L1_clmp_fp2_repr.R2.fq.gz, Gmi-ABas_018-GmA02018-L1-fp1-clmp-fp2-fqscrn-repr.R2.fq.gz
GmA02019_CKDL210018111-1a-AK9144-GC06_HH72GDSX2_L1_clmp_fp2_repr.R1.fq.gz, Gmi-ABas_019-GmA02019-L1-fp1-clmp-fp2-fqscrn-repr.R1.fq.gz
GmA02019_CKDL210018111-1a-AK9144-GC06_HH72GDSX2_L1_clmp_fp2_repr.R2.fq.gz, Gmi-ABas_019-GmA02019-L1-fp1-clmp-fp2-fqscrn-repr.R2.fq.gz
GmA02020_CKDL210018111-1a-AK9144-AK4234_HH72GDSX2_L1_clmp_fp2_repr.R1.fq.gz, Gmi-ABas_020-GmA02020-L1-fp1-clmp-fp2-fqscrn-repr.R1.fq.gz
GmA02020_CKDL210018111-1a-AK9144-AK4234_HH72GDSX2_L1_clmp_fp2_repr.R2.fq.gz, Gmi-ABas_020-GmA02020-L1-fp1-clmp-fp2-fqscrn-repr.R2.fq.gz
GmA02021_CKDL210018111-1a-AK9144-GD06_HH72GDSX2_L1_clmp_fp2_repr.R1.fq.gz, Gmi-ABas_021-GmA02021-L1-fp1-clmp-fp2-fqscrn-repr.R1.fq.gz
GmA02021_CKDL210018111-1a-AK9144-GD06_HH72GDSX2_L1_clmp_fp2_repr.R2.fq.gz, Gmi-ABas_021-GmA02021-L1-fp1-clmp-fp2-fqscrn-repr.R2.fq.gz
GmA02022_CKDL210018111-1a-5UDI225-GC06_HH72GDSX2_L1_clmp_fp2_repr.R1.fq.gz, Gmi-ABas_022-GmA02022-L1-fp1-clmp-fp2-fqscrn-repr.R1.fq.gz
GmA02022_CKDL210018111-1a-5UDI225-GC06_HH72GDSX2_L1_clmp_fp2_repr.R2.fq.gz, Gmi-ABas_022-GmA02022-L1-fp1-clmp-fp2-fqscrn-repr.R2.fq.gz
GmA02023_CKDL210018111-1a-AK3911-GC06_HH72GDSX2_L1_clmp_fp2_repr.R1.fq.gz, Gmi-ABas_023-GmA02023-L1-fp1-clmp-fp2-fqscrn-repr.R1.fq.gz
GmA02023_CKDL210018111-1a-AK3911-GC06_HH72GDSX2_L1_clmp_fp2_repr.R2.fq.gz, Gmi-ABas_023-GmA02023-L1-fp1-clmp-fp2-fqscrn-repr.R2.fq.gz
GmA02028_CKDL210018111-1a-5UDI245-AK533_HH72GDSX2_L1_clmp_fp2_repr.R1.fq.gz, Gmi-ABas_028-GmA02028-L1-fp1-clmp-fp2-fqscrn-repr.R1.fq.gz
GmA02028_CKDL210018111-1a-5UDI245-AK533_HH72GDSX2_L1_clmp_fp2_repr.R2.fq.gz, Gmi-ABas_028-GmA02028-L1-fp1-clmp-fp2-fqscrn-repr.R2.fq.gz
GmA02030_CKDL210018111-1a-5UDI225-GD06_HH72GDSX2_L1_clmp_fp2_repr.R1.fq.gz, Gmi-ABas_030-GmA02030-L1-fp1-clmp-fp2-fqscrn-repr.R1.fq.gz
GmA02030_CKDL210018111-1a-5UDI225-GD06_HH72GDSX2_L1_clmp_fp2_repr.R2.fq.gz, Gmi-ABas_030-GmA02030-L1-fp1-clmp-fp2-fqscrn-repr.R2.fq.gz
GmA02033_CKDL210018111-1a-AK3911-AK533_HH72GDSX2_L1_clmp_fp2_repr.R1.fq.gz, Gmi-ABas_033-GmA02033-L1-fp1-clmp-fp2-fqscrn-repr.R1.fq.gz
GmA02033_CKDL210018111-1a-AK3911-AK533_HH72GDSX2_L1_clmp_fp2_repr.R2.fq.gz, Gmi-ABas_033-GmA02033-L1-fp1-clmp-fp2-fqscrn-repr.R2.fq.gz
GmA02034_CKDL210018111-1a-5UDI245-AK7557_HH72GDSX2_L1_clmp_fp2_repr.R1.fq.gz, Gmi-ABas_034-GmA02034-L1-fp1-clmp-fp2-fqscrn-repr.R1.fq.gz
GmA02034_CKDL210018111-1a-5UDI245-AK7557_HH72GDSX2_L1_clmp_fp2_repr.R2.fq.gz, Gmi-ABas_034-GmA02034-L1-fp1-clmp-fp2-fqscrn-repr.R2.fq.gz
GmA02035_CKDL210018111-1a-5UDI245-AK8488_HH72GDSX2_L1_clmp_fp2_repr.R1.fq.gz, Gmi-ABas_035-GmA02035-L1-fp1-clmp-fp2-fqscrn-repr.R1.fq.gz
GmA02035_CKDL210018111-1a-5UDI245-AK8488_HH72GDSX2_L1_clmp_fp2_repr.R2.fq.gz, Gmi-ABas_035-GmA02035-L1-fp1-clmp-fp2-fqscrn-repr.R2.fq.gz
GmA02044_CKDL210018111-1a-AK3911-GD06_HH72GDSX2_L1_clmp_fp2_repr.R1.fq.gz, Gmi-ABas_044-GmA02044-L1-fp1-clmp-fp2-fqscrn-repr.R1.fq.gz
GmA02044_CKDL210018111-1a-AK3911-GD06_HH72GDSX2_L1_clmp_fp2_repr.R2.fq.gz, Gmi-ABas_044-GmA02044-L1-fp1-clmp-fp2-fqscrn-repr.R2.fq.gz
GmA02045_CKDL210018111-1a-AK3911-AK7557_HH72GDSX2_L1_clmp_fp2_repr.R1.fq.gz, Gmi-ABas_045-GmA02045-L1-fp1-clmp-fp2-fqscrn-repr.R1.fq.gz
GmA02045_CKDL210018111-1a-AK3911-AK7557_HH72GDSX2_L1_clmp_fp2_repr.R2.fq.gz, Gmi-ABas_045-GmA02045-L1-fp1-clmp-fp2-fqscrn-repr.R2.fq.gz
GmA02047_CKDL210018111-1a-AK3911-AK4236_HH72GDSX2_L1_clmp_fp2_repr.R1.fq.gz, Gmi-ABas_047-GmA02047-L1-fp1-clmp-fp2-fqscrn-repr.R1.fq.gz
GmA02047_CKDL210018111-1a-AK3911-AK4236_HH72GDSX2_L1_clmp_fp2_repr.R2.fq.gz, Gmi-ABas_047-GmA02047-L1-fp1-clmp-fp2-fqscrn-repr.R2.fq.gz
GmA02049_CKDL210018111-1a-AK9144-AK533_HH72GDSX2_L1_clmp_fp2_repr.R1.fq.gz, Gmi-ABas_049-GmA02049-L1-fp1-clmp-fp2-fqscrn-repr.R1.fq.gz
GmA02049_CKDL210018111-1a-AK9144-AK533_HH72GDSX2_L1_clmp_fp2_repr.R2.fq.gz, Gmi-ABas_049-GmA02049-L1-fp1-clmp-fp2-fqscrn-repr.R2.fq.gz
GmA02054_CKDL210018111-1a-5UDI245-GC06_HH72GDSX2_L1_clmp_fp2_repr.R1.fq.gz, Gmi-ABas_054-GmA02054-L1-fp1-clmp-fp2-fqscrn-repr.R1.fq.gz
GmA02054_CKDL210018111-1a-5UDI245-GC06_HH72GDSX2_L1_clmp_fp2_repr.R2.fq.gz, Gmi-ABas_054-GmA02054-L1-fp1-clmp-fp2-fqscrn-repr.R2.fq.gz
GmA02055_CKDL210018111-1a-AK9144-AK4236_HH72GDSX2_L1_clmp_fp2_repr.R1.fq.gz, Gmi-ABas_055-GmA02055-L1-fp1-clmp-fp2-fqscrn-repr.R1.fq.gz
GmA02055_CKDL210018111-1a-AK9144-AK4236_HH72GDSX2_L1_clmp_fp2_repr.R2.fq.gz, Gmi-ABas_055-GmA02055-L1-fp1-clmp-fp2-fqscrn-repr.R2.fq.gz
GmA02058_CKDL210018111-1a-AK3911-AK8488_HH72GDSX2_L1_clmp_fp2_repr.R1.fq.gz, Gmi-ABas_058-GmA02058-L1-fp1-clmp-fp2-fqscrn-repr.R1.fq.gz
GmA02058_CKDL210018111-1a-AK3911-AK8488_HH72GDSX2_L1_clmp_fp2_repr.R2.fq.gz, Gmi-ABas_058-GmA02058-L1-fp1-clmp-fp2-fqscrn-repr.R2.fq.gz
GmA02059_CKDL210018111-1a-AK3911-AK10343_HH72GDSX2_L1_clmp_fp2_repr.R1.fq.gz, Gmi-ABas_059-GmA02059-L1-fp1-clmp-fp2-fqscrn-repr.R1.fq.gz
GmA02059_CKDL210018111-1a-AK3911-AK10343_HH72GDSX2_L1_clmp_fp2_repr.R2.fq.gz, Gmi-ABas_059-GmA02059-L1-fp1-clmp-fp2-fqscrn-repr.R2.fq.gz
GmA02060_CKDL210018111-1a-5UDI245-AK10343_HH72GDSX2_L1_clmp_fp2_repr.R1.fq.gz, Gmi-ABas_060-GmA02060-L1-fp1-clmp-fp2-fqscrn-repr.R1.fq.gz
GmA02060_CKDL210018111-1a-5UDI245-AK10343_HH72GDSX2_L1_clmp_fp2_repr.R2.fq.gz, Gmi-ABas_060-GmA02060-L1-fp1-clmp-fp2-fqscrn-repr.R2.fq.gz
GmC01002_CKDL210018111-1a-AK3905-7UDI214_HH72GDSX2_L1_clmp_fp2_repr.R1.fq.gz, Gmi-CBat_002-GmC01002-L1-fp1-clmp-fp2-fqscrn-repr.R1.fq.gz
GmC01002_CKDL210018111-1a-AK3905-7UDI214_HH72GDSX2_L1_clmp_fp2_repr.R2.fq.gz, Gmi-CBat_002-GmC01002-L1-fp1-clmp-fp2-fqscrn-repr.R2.fq.gz
GmC01005_CKDL210018111-1a-AK9142-7UDI214_HH72GDSX2_L1_clmp_fp2_repr.R1.fq.gz, Gmi-CBat_005-GmC01005-L1-fp1-clmp-fp2-fqscrn-repr.R1.fq.gz
GmC01005_CKDL210018111-1a-AK9142-7UDI214_HH72GDSX2_L1_clmp_fp2_repr.R2.fq.gz, Gmi-CBat_005-GmC01005-L1-fp1-clmp-fp2-fqscrn-repr.R2.fq.gz
GmC01006_CKDL210018111-1a-AK8410-7UDI214_HH72GDSX2_L1_clmp_fp2_repr.R1.fq.gz, Gmi-CBat_006-GmC01006-L1-fp1-clmp-fp2-fqscrn-repr.R1.fq.gz
GmC01006_CKDL210018111-1a-AK8410-7UDI214_HH72GDSX2_L1_clmp_fp2_repr.R2.fq.gz, Gmi-CBat_006-GmC01006-L1-fp1-clmp-fp2-fqscrn-repr.R2.fq.gz
GmC01008_CKDL210018111-1a-AK7759-7UDI214_HH72GDSX2_L1_clmp_fp2_repr.R1.fq.gz, Gmi-CBat_008-GmC01008-L1-fp1-clmp-fp2-fqscrn-repr.R1.fq.gz
GmC01008_CKDL210018111-1a-AK7759-7UDI214_HH72GDSX2_L1_clmp_fp2_repr.R2.fq.gz, Gmi-CBat_008-GmC01008-L1-fp1-clmp-fp2-fqscrn-repr.R2.fq.gz
GmC01009_CKDL210018111-1a-AK6881-7UDI214_HH72GDSX2_L1_clmp_fp2_repr.R1.fq.gz, Gmi-CBat_009-GmC01009-L1-fp1-clmp-fp2-fqscrn-repr.R1.fq.gz
GmC01009_CKDL210018111-1a-AK6881-7UDI214_HH72GDSX2_L1_clmp_fp2_repr.R2.fq.gz, Gmi-CBat_009-GmC01009-L1-fp1-clmp-fp2-fqscrn-repr.R2.fq.gz
GmC01012_CKDL210018111-1a-5UDI312-7UDI214_HH72GDSX2_L1_clmp_fp2_repr.R1.fq.gz, Gmi-CBat_012-GmC01012-L1-fp1-clmp-fp2-fqscrn-repr.R1.fq.gz
GmC01012_CKDL210018111-1a-5UDI312-7UDI214_HH72GDSX2_L1_clmp_fp2_repr.R2.fq.gz, Gmi-CBat_012-GmC01012-L1-fp1-clmp-fp2-fqscrn-repr.R2.fq.gz
GmC01013_CKDL210018111-1a-AK9141-AK4971_HH72GDSX2_L1_clmp_fp2_repr.R1.fq.gz, Gmi-CBat_013-GmC01013-L1-fp1-clmp-fp2-fqscrn-repr.R1.fq.gz
GmC01013_CKDL210018111-1a-AK9141-AK4971_HH72GDSX2_L1_clmp_fp2_repr.R2.fq.gz, Gmi-CBat_013-GmC01013-L1-fp1-clmp-fp2-fqscrn-repr.R2.fq.gz
GmC01014_CKDL210018111-1a-AK3905-AK4971_HH72GDSX2_L1_clmp_fp2_repr.R1.fq.gz, Gmi-CBat_014-GmC01014-L1-fp1-clmp-fp2-fqscrn-repr.R1.fq.gz
GmC01014_CKDL210018111-1a-AK3905-AK4971_HH72GDSX2_L1_clmp_fp2_repr.R2.fq.gz, Gmi-CBat_014-GmC01014-L1-fp1-clmp-fp2-fqscrn-repr.R2.fq.gz
GmC01016_CKDL210018111-1a-5UDI298-AK4971_HH72GDSX2_L1_clmp_fp2_repr.R1.fq.gz, Gmi-CBat_016-GmC01016-L1-fp1-clmp-fp2-fqscrn-repr.R1.fq.gz
GmC01016_CKDL210018111-1a-5UDI298-AK4971_HH72GDSX2_L1_clmp_fp2_repr.R2.fq.gz, Gmi-CBat_016-GmC01016-L1-fp1-clmp-fp2-fqscrn-repr.R2.fq.gz
GmC01017_CKDL210018111-1a-AK9142-AK4971_HH72GDSX2_L1_clmp_fp2_repr.R1.fq.gz, Gmi-CBat_017-GmC01017-L1-fp1-clmp-fp2-fqscrn-repr.R1.fq.gz
GmC01017_CKDL210018111-1a-AK9142-AK4971_HH72GDSX2_L1_clmp_fp2_repr.R2.fq.gz, Gmi-CBat_017-GmC01017-L1-fp1-clmp-fp2-fqscrn-repr.R2.fq.gz
GmC01018_CKDL210018111-1a-AK8410-AK4971_HH72GDSX2_L1_clmp_fp2_repr.R1.fq.gz, Gmi-CBat_018-GmC01018-L1-fp1-clmp-fp2-fqscrn-repr.R1.fq.gz
GmC01018_CKDL210018111-1a-AK8410-AK4971_HH72GDSX2_L1_clmp_fp2_repr.R2.fq.gz, Gmi-CBat_018-GmC01018-L1-fp1-clmp-fp2-fqscrn-repr.R2.fq.gz
GmC01021_CKDL210018111-1a-AK6881-AK4971_HH72GDSX2_L1_clmp_fp2_repr.R1.fq.gz, Gmi-CBat_021-GmC01021-L1-fp1-clmp-fp2-fqscrn-repr.R1.fq.gz
GmC01021_CKDL210018111-1a-AK6881-AK4971_HH72GDSX2_L1_clmp_fp2_repr.R2.fq.gz, Gmi-CBat_021-GmC01021-L1-fp1-clmp-fp2-fqscrn-repr.R2.fq.gz
GmC01022_CKDL210018111-1a-AK6260-AK4971_HH72GDSX2_L1_clmp_fp2_repr.R1.fq.gz, Gmi-CBat_022-GmC01022-L1-fp1-clmp-fp2-fqscrn-repr.R1.fq.gz
GmC01022_CKDL210018111-1a-AK6260-AK4971_HH72GDSX2_L1_clmp_fp2_repr.R2.fq.gz, Gmi-CBat_022-GmC01022-L1-fp1-clmp-fp2-fqscrn-repr.R2.fq.gz
GmC01026_CKDL210018111-1a-AK3905-AK1864_HH72GDSX2_L1_clmp_fp2_repr.R1.fq.gz, Gmi-CBat_026-GmC01026-L1-fp1-clmp-fp2-fqscrn-repr.R1.fq.gz
GmC01026_CKDL210018111-1a-AK3905-AK1864_HH72GDSX2_L1_clmp_fp2_repr.R2.fq.gz, Gmi-CBat_026-GmC01026-L1-fp1-clmp-fp2-fqscrn-repr.R2.fq.gz
GmC01028_CKDL210018111-1a-5UDI298-AK1864_HH72GDSX2_L1_clmp_fp2_repr.R1.fq.gz, Gmi-CBat_028-GmC01028-L1-fp1-clmp-fp2-fqscrn-repr.R1.fq.gz
GmC01028_CKDL210018111-1a-5UDI298-AK1864_HH72GDSX2_L1_clmp_fp2_repr.R2.fq.gz, Gmi-CBat_028-GmC01028-L1-fp1-clmp-fp2-fqscrn-repr.R2.fq.gz
GmC01029_CKDL210018111-1a-AK9142-AK1864_HH72GDSX2_L1_clmp_fp2_repr.R1.fq.gz, Gmi-CBat_029-GmC01029-L1-fp1-clmp-fp2-fqscrn-repr.R1.fq.gz
GmC01029_CKDL210018111-1a-AK9142-AK1864_HH72GDSX2_L1_clmp_fp2_repr.R2.fq.gz, Gmi-CBat_029-GmC01029-L1-fp1-clmp-fp2-fqscrn-repr.R2.fq.gz
GmC01032_CKDL210018111-1a-AK7759-AK1864_HH72GDSX2_L1_clmp_fp2_repr.R1.fq.gz, Gmi-CBat_032-GmC01032-L1-fp1-clmp-fp2-fqscrn-repr.R1.fq.gz
GmC01032_CKDL210018111-1a-AK7759-AK1864_HH72GDSX2_L1_clmp_fp2_repr.R2.fq.gz, Gmi-CBat_032-GmC01032-L1-fp1-clmp-fp2-fqscrn-repr.R2.fq.gz
GmC01033_CKDL210018111-1a-AK6881-AK1864_HH72GDSX2_L1_clmp_fp2_repr.R1.fq.gz, Gmi-CBat_033-GmC01033-L1-fp1-clmp-fp2-fqscrn-repr.R1.fq.gz
GmC01033_CKDL210018111-1a-AK6881-AK1864_HH72GDSX2_L1_clmp_fp2_repr.R2.fq.gz, Gmi-CBat_033-GmC01033-L1-fp1-clmp-fp2-fqscrn-repr.R2.fq.gz
GmC01035_CKDL210018111-1a-AK7010-AK1864_HH72GDSX2_L1_clmp_fp2_repr.R1.fq.gz, Gmi-CBat_035-GmC01035-L1-fp1-clmp-fp2-fqscrn-repr.R1.fq.gz
GmC01035_CKDL210018111-1a-AK7010-AK1864_HH72GDSX2_L1_clmp_fp2_repr.R2.fq.gz, Gmi-CBat_035-GmC01035-L1-fp1-clmp-fp2-fqscrn-repr.R2.fq.gz
GmC01036_CKDL210018111-1a-5UDI312-AK1864_HH72GDSX2_L1_clmp_fp2_repr.R1.fq.gz, Gmi-CBat_036-GmC01036-L1-fp1-clmp-fp2-fqscrn-repr.R1.fq.gz
GmC01036_CKDL210018111-1a-5UDI312-AK1864_HH72GDSX2_L1_clmp_fp2_repr.R2.fq.gz, Gmi-CBat_036-GmC01036-L1-fp1-clmp-fp2-fqscrn-repr.R2.fq.gz
GmC01037_CKDL210018111-1a-AK9141-AK7558_HH72GDSX2_L1_clmp_fp2_repr.R1.fq.gz, Gmi-CBat_037-GmC01037-L1-fp1-clmp-fp2-fqscrn-repr.R1.fq.gz
GmC01037_CKDL210018111-1a-AK9141-AK7558_HH72GDSX2_L1_clmp_fp2_repr.R2.fq.gz, Gmi-CBat_037-GmC01037-L1-fp1-clmp-fp2-fqscrn-repr.R2.fq.gz
GmC01038_CKDL210018111-1a-AK3905-AK7558_HH72GDSX2_L1_clmp_fp2_repr.R1.fq.gz, Gmi-CBat_038-GmC01038-L1-fp1-clmp-fp2-fqscrn-repr.R1.fq.gz
GmC01038_CKDL210018111-1a-AK3905-AK7558_HH72GDSX2_L1_clmp_fp2_repr.R2.fq.gz, Gmi-CBat_038-GmC01038-L1-fp1-clmp-fp2-fqscrn-repr.R2.fq.gz
GmC01040_CKDL210018111-1a-5UDI298-AK7558_HH72GDSX2_L1_clmp_fp2_repr.R1.fq.gz, Gmi-CBat_040-GmC01040-L1-fp1-clmp-fp2-fqscrn-repr.R1.fq.gz
GmC01040_CKDL210018111-1a-5UDI298-AK7558_HH72GDSX2_L1_clmp_fp2_repr.R2.fq.gz, Gmi-CBat_040-GmC01040-L1-fp1-clmp-fp2-fqscrn-repr.R2.fq.gz
GmC01041_CKDL210018111-1a-AK9142-AK7558_HH72GDSX2_L1_clmp_fp2_repr.R1.fq.gz, Gmi-CBat_041-GmC01041-L1-fp1-clmp-fp2-fqscrn-repr.R1.fq.gz
GmC01041_CKDL210018111-1a-AK9142-AK7558_HH72GDSX2_L1_clmp_fp2_repr.R2.fq.gz, Gmi-CBat_041-GmC01041-L1-fp1-clmp-fp2-fqscrn-repr.R2.fq.gz
GmC01042_CKDL210018111-1a-AK8410-AK7558_HH72GDSX2_L1_clmp_fp2_repr.R1.fq.gz, Gmi-CBat_042-GmC01042-L1-fp1-clmp-fp2-fqscrn-repr.R1.fq.gz
GmC01042_CKDL210018111-1a-AK8410-AK7558_HH72GDSX2_L1_clmp_fp2_repr.R2.fq.gz, Gmi-CBat_042-GmC01042-L1-fp1-clmp-fp2-fqscrn-repr.R2.fq.gz
GmC01045_CKDL210018111-1a-AK6881-AK7558_HH72GDSX2_L1_clmp_fp2_repr.R1.fq.gz, Gmi-CBat_045-GmC01045-L1-fp1-clmp-fp2-fqscrn-repr.R1.fq.gz
GmC01045_CKDL210018111-1a-AK6881-AK7558_HH72GDSX2_L1_clmp_fp2_repr.R2.fq.gz, Gmi-CBat_045-GmC01045-L1-fp1-clmp-fp2-fqscrn-repr.R2.fq.gz
GmC01047_CKDL210018111-1a-AK7010-AK7558_HH72GDSX2_L1_clmp_fp2_repr.R1.fq.gz, Gmi-CBat_047-GmC01047-L1-fp1-clmp-fp2-fqscrn-repr.R1.fq.gz
GmC01047_CKDL210018111-1a-AK7010-AK7558_HH72GDSX2_L1_clmp_fp2_repr.R2.fq.gz, Gmi-CBat_047-GmC01047-L1-fp1-clmp-fp2-fqscrn-repr.R2.fq.gz
GmC01051_CKDL210018111-1a-AK7761-7UDI308_HH72GDSX2_L1_clmp_fp2_repr.R1.fq.gz, Gmi-CBat_051-GmC01051-L1-fp1-clmp-fp2-fqscrn-repr.R1.fq.gz
GmC01051_CKDL210018111-1a-AK7761-7UDI308_HH72GDSX2_L1_clmp_fp2_repr.R2.fq.gz, Gmi-CBat_051-GmC01051-L1-fp1-clmp-fp2-fqscrn-repr.R2.fq.gz
GmC01053_CKDL210018111-1a-AK9142-7UDI308_HH72GDSX2_L1_clmp_fp2_repr.R1.fq.gz, Gmi-CBat_053-GmC01053-L1-fp1-clmp-fp2-fqscrn-repr.R1.fq.gz
GmC01053_CKDL210018111-1a-AK9142-7UDI308_HH72GDSX2_L1_clmp_fp2_repr.R2.fq.gz, Gmi-CBat_053-GmC01053-L1-fp1-clmp-fp2-fqscrn-repr.R2.fq.gz
GmC01054_CKDL210018111-1a-AK8410-7UDI308_HH72GDSX2_L1_clmp_fp2_repr.R1.fq.gz, Gmi-CBat_054-GmC01054-L1-fp1-clmp-fp2-fqscrn-repr.R1.fq.gz
GmC01054_CKDL210018111-1a-AK8410-7UDI308_HH72GDSX2_L1_clmp_fp2_repr.R2.fq.gz, Gmi-CBat_054-GmC01054-L1-fp1-clmp-fp2-fqscrn-repr.R2.fq.gz
GmC01057_CKDL210018111-1a-AK6881-7UDI308_HH72GDSX2_L1_clmp_fp2_repr.R1.fq.gz, Gmi-CBat_057-GmC01057-L1-fp1-clmp-fp2-fqscrn-repr.R1.fq.gz
GmC01057_CKDL210018111-1a-AK6881-7UDI308_HH72GDSX2_L1_clmp_fp2_repr.R2.fq.gz, Gmi-CBat_057-GmC01057-L1-fp1-clmp-fp2-fqscrn-repr.R2.fq.gz
GmC01058_CKDL210018111-1a-AK6260-7UDI308_HH72GDSX2_L1_clmp_fp2_repr.R1.fq.gz, Gmi-CBat_058-GmC01058-L1-fp1-clmp-fp2-fqscrn-repr.R1.fq.gz
GmC01058_CKDL210018111-1a-AK6260-7UDI308_HH72GDSX2_L1_clmp_fp2_repr.R2.fq.gz, Gmi-CBat_058-GmC01058-L1-fp1-clmp-fp2-fqscrn-repr.R2.fq.gz
GmC01061_CKDL210018111-1a-AK9141-AK2587_HH72GDSX2_L1_clmp_fp2_repr.R1.fq.gz, Gmi-CBat_061-GmC01061-L1-fp1-clmp-fp2-fqscrn-repr.R1.fq.gz
GmC01061_CKDL210018111-1a-AK9141-AK2587_HH72GDSX2_L1_clmp_fp2_repr.R2.fq.gz, Gmi-CBat_061-GmC01061-L1-fp1-clmp-fp2-fqscrn-repr.R2.fq.gz
GmC01062_CKDL210018111-1a-AK3905-AK2587_HH72GDSX2_L1_clmp_fp2_repr.R1.fq.gz, Gmi-CBat_062-GmC01062-L1-fp1-clmp-fp2-fqscrn-repr.R1.fq.gz
GmC01062_CKDL210018111-1a-AK3905-AK2587_HH72GDSX2_L1_clmp_fp2_repr.R2.fq.gz, Gmi-CBat_062-GmC01062-L1-fp1-clmp-fp2-fqscrn-repr.R2.fq.gz
GmC01066_CKDL210018111-1a-AK8410-AK2587_HH72GDSX2_L1_clmp_fp2_repr.R1.fq.gz, Gmi-CBat_066-GmC01066-L1-fp1-clmp-fp2-fqscrn-repr.R1.fq.gz
GmC01066_CKDL210018111-1a-AK8410-AK2587_HH72GDSX2_L1_clmp_fp2_repr.R2.fq.gz, Gmi-CBat_066-GmC01066-L1-fp1-clmp-fp2-fqscrn-repr.R2.fq.gz
GmC01068_CKDL210018111-1a-AK7759-AK2587_HH72GDSX2_L1_clmp_fp2_repr.R1.fq.gz, Gmi-CBat_068-GmC01068-L1-fp1-clmp-fp2-fqscrn-repr.R1.fq.gz
GmC01068_CKDL210018111-1a-AK7759-AK2587_HH72GDSX2_L1_clmp_fp2_repr.R2.fq.gz, Gmi-CBat_068-GmC01068-L1-fp1-clmp-fp2-fqscrn-repr.R2.fq.gz
GmC01069_CKDL210018111-1a-AK6881-AK2587_HH72GDSX2_L1_clmp_fp2_repr.R1.fq.gz, Gmi-CBat_069-GmC01069-L1-fp1-clmp-fp2-fqscrn-repr.R1.fq.gz
GmC01069_CKDL210018111-1a-AK6881-AK2587_HH72GDSX2_L1_clmp_fp2_repr.R2.fq.gz, Gmi-CBat_069-GmC01069-L1-fp1-clmp-fp2-fqscrn-repr.R2.fq.gz
GmC01070_CKDL210018111-1a-AK6260-AK2587_HH72GDSX2_L1_clmp_fp2_repr.R1.fq.gz, Gmi-CBat_070-GmC01070-L1-fp1-clmp-fp2-fqscrn-repr.R1.fq.gz
GmC01070_CKDL210018111-1a-AK6260-AK2587_HH72GDSX2_L1_clmp_fp2_repr.R2.fq.gz, Gmi-CBat_070-GmC01070-L1-fp1-clmp-fp2-fqscrn-repr.R2.fq.gz
GmC01071_CKDL210018111-1a-AK7010-AK2587_HH72GDSX2_L1_clmp_fp2_repr.R1.fq.gz, Gmi-CBat_071-GmC01071-L1-fp1-clmp-fp2-fqscrn-repr.R1.fq.gz
GmC01071_CKDL210018111-1a-AK7010-AK2587_HH72GDSX2_L1_clmp_fp2_repr.R2.fq.gz, Gmi-CBat_071-GmC01071-L1-fp1-clmp-fp2-fqscrn-repr.R2.fq.gz
GmC01072_CKDL210018111-1a-5UDI312-AK2587_HH72GDSX2_L1_clmp_fp2_repr.R1.fq.gz, Gmi-CBat_072-GmC01072-L1-fp1-clmp-fp2-fqscrn-repr.R1.fq.gz
GmC01072_CKDL210018111-1a-5UDI312-AK2587_HH72GDSX2_L1_clmp_fp2_repr.R2.fq.gz, Gmi-CBat_072-GmC01072-L1-fp1-clmp-fp2-fqscrn-repr.R2.fq.gz
GmC01073_CKDL210018111-1a-AK9141-GC12_HH72GDSX2_L1_clmp_fp2_repr.R1.fq.gz, Gmi-CBat_073-GmC01073-L1-fp1-clmp-fp2-fqscrn-repr.R1.fq.gz
GmC01073_CKDL210018111-1a-AK9141-GC12_HH72GDSX2_L1_clmp_fp2_repr.R2.fq.gz, Gmi-CBat_073-GmC01073-L1-fp1-clmp-fp2-fqscrn-repr.R2.fq.gz
GmC01074_CKDL210018111-1a-AK3905-GC12_HH72GDSX2_L1_clmp_fp2_repr.R1.fq.gz, Gmi-CBat_074-GmC01074-L1-fp1-clmp-fp2-fqscrn-repr.R1.fq.gz
GmC01074_CKDL210018111-1a-AK3905-GC12_HH72GDSX2_L1_clmp_fp2_repr.R2.fq.gz, Gmi-CBat_074-GmC01074-L1-fp1-clmp-fp2-fqscrn-repr.R2.fq.gz
GmC01075_CKDL210018111-1a-AK7761-GC12_HH72GDSX2_L1_clmp_fp2_repr.R1.fq.gz, Gmi-CBat_075-GmC01075-L1-fp1-clmp-fp2-fqscrn-repr.R1.fq.gz
GmC01075_CKDL210018111-1a-AK7761-GC12_HH72GDSX2_L1_clmp_fp2_repr.R2.fq.gz, Gmi-CBat_075-GmC01075-L1-fp1-clmp-fp2-fqscrn-repr.R2.fq.gz
GmC01077_CKDL210018111-1a-AK9142-GC12_HH72GDSX2_L1_clmp_fp2_repr.R1.fq.gz, Gmi-CBat_077-GmC01077-L1-fp1-clmp-fp2-fqscrn-repr.R1.fq.gz
GmC01077_CKDL210018111-1a-AK9142-GC12_HH72GDSX2_L1_clmp_fp2_repr.R2.fq.gz, Gmi-CBat_077-GmC01077-L1-fp1-clmp-fp2-fqscrn-repr.R2.fq.gz
GmC01078_CKDL210018111-1a-AK8410-GC12_HH72GDSX2_L1_clmp_fp2_repr.R1.fq.gz, Gmi-CBat_078-GmC01078-L1-fp1-clmp-fp2-fqscrn-repr.R1.fq.gz
GmC01078_CKDL210018111-1a-AK8410-GC12_HH72GDSX2_L1_clmp_fp2_repr.R2.fq.gz, Gmi-CBat_078-GmC01078-L1-fp1-clmp-fp2-fqscrn-repr.R2.fq.gz
GmC01080_CKDL210018111-1a-AK7759-GC12_HH72GDSX2_L1_clmp_fp2_repr.R1.fq.gz, Gmi-CBat_080-GmC01080-L1-fp1-clmp-fp2-fqscrn-repr.R1.fq.gz
GmC01080_CKDL210018111-1a-AK7759-GC12_HH72GDSX2_L1_clmp_fp2_repr.R2.fq.gz, Gmi-CBat_080-GmC01080-L1-fp1-clmp-fp2-fqscrn-repr.R2.fq.gz
GmC01081_CKDL210018111-1a-AK6881-GC12_HH72GDSX2_L1_clmp_fp2_repr.R1.fq.gz, Gmi-CBat_081-GmC01081-L1-fp1-clmp-fp2-fqscrn-repr.R1.fq.gz
GmC01081_CKDL210018111-1a-AK6881-GC12_HH72GDSX2_L1_clmp_fp2_repr.R2.fq.gz, Gmi-CBat_081-GmC01081-L1-fp1-clmp-fp2-fqscrn-repr.R2.fq.gz
GmC01082_CKDL210018111-1a-AK6260-GC12_HH72GDSX2_L1_clmp_fp2_repr.R1.fq.gz, Gmi-CBat_082-GmC01082-L1-fp1-clmp-fp2-fqscrn-repr.R1.fq.gz
GmC01082_CKDL210018111-1a-AK6260-GC12_HH72GDSX2_L1_clmp_fp2_repr.R2.fq.gz, Gmi-CBat_082-GmC01082-L1-fp1-clmp-fp2-fqscrn-repr.R2.fq.gz
GmC01085_CKDL210018111-1a-AK9141-7UDI246_HH72GDSX2_L1_clmp_fp2_repr.R1.fq.gz, Gmi-CBat_085-GmC01085-L1-fp1-clmp-fp2-fqscrn-repr.R1.fq.gz
GmC01085_CKDL210018111-1a-AK9141-7UDI246_HH72GDSX2_L1_clmp_fp2_repr.R2.fq.gz, Gmi-CBat_085-GmC01085-L1-fp1-clmp-fp2-fqscrn-repr.R2.fq.gz
GmC01086_CKDL210018111-1a-AK3905-7UDI246_HH72GDSX2_L1_clmp_fp2_repr.R1.fq.gz, Gmi-CBat_086-GmC01086-L1-fp1-clmp-fp2-fqscrn-repr.R1.fq.gz
GmC01086_CKDL210018111-1a-AK3905-7UDI246_HH72GDSX2_L1_clmp_fp2_repr.R2.fq.gz, Gmi-CBat_086-GmC01086-L1-fp1-clmp-fp2-fqscrn-repr.R2.fq.gz
GmC01087_CKDL210018111-1a-AK7761-7UDI246_HH72GDSX2_L1_clmp_fp2_repr.R1.fq.gz, Gmi-CBat_087-GmC01087-L1-fp1-clmp-fp2-fqscrn-repr.R1.fq.gz
GmC01087_CKDL210018111-1a-AK7761-7UDI246_HH72GDSX2_L1_clmp_fp2_repr.R2.fq.gz, Gmi-CBat_087-GmC01087-L1-fp1-clmp-fp2-fqscrn-repr.R2.fq.gz
GmC01089_CKDL210018111-1a-AK9142-7UDI246_HH72GDSX2_L1_clmp_fp2_repr.R1.fq.gz, Gmi-CBat_089-GmC01089-L1-fp1-clmp-fp2-fqscrn-repr.R1.fq.gz
GmC01089_CKDL210018111-1a-AK9142-7UDI246_HH72GDSX2_L1_clmp_fp2_repr.R2.fq.gz, Gmi-CBat_089-GmC01089-L1-fp1-clmp-fp2-fqscrn-repr.R2.fq.gz
GmC01090_CKDL210018111-1a-AK8410-7UDI246_HH72GDSX2_L1_clmp_fp2_repr.R1.fq.gz, Gmi-CBat_090-GmC01090-L1-fp1-clmp-fp2-fqscrn-repr.R1.fq.gz
GmC01090_CKDL210018111-1a-AK8410-7UDI246_HH72GDSX2_L1_clmp_fp2_repr.R2.fq.gz, Gmi-CBat_090-GmC01090-L1-fp1-clmp-fp2-fqscrn-repr.R2.fq.gz
GmC01092_CKDL210018111-1a-AK7759-7UDI246_HH72GDSX2_L1_clmp_fp2_repr.R1.fq.gz, Gmi-CBat_092-GmC01092-L1-fp1-clmp-fp2-fqscrn-repr.R1.fq.gz
GmC01092_CKDL210018111-1a-AK7759-7UDI246_HH72GDSX2_L1_clmp_fp2_repr.R2.fq.gz, Gmi-CBat_092-GmC01092-L1-fp1-clmp-fp2-fqscrn-repr.R2.fq.gz
GmC01093_CKDL210018111-1a-AK6881-7UDI246_HH72GDSX2_L1_clmp_fp2_repr.R1.fq.gz, Gmi-CBat_093-GmC01093-L1-fp1-clmp-fp2-fqscrn-repr.R1.fq.gz
GmC01093_CKDL210018111-1a-AK6881-7UDI246_HH72GDSX2_L1_clmp_fp2_repr.R2.fq.gz, Gmi-CBat_093-GmC01093-L1-fp1-clmp-fp2-fqscrn-repr.R2.fq.gz
GmC01094_CKDL210018111-1a-AK6260-7UDI246_HH72GDSX2_L1_clmp_fp2_repr.R1.fq.gz, Gmi-CBat_094-GmC01094-L1-fp1-clmp-fp2-fqscrn-repr.R1.fq.gz
GmC01094_CKDL210018111-1a-AK6260-7UDI246_HH72GDSX2_L1_clmp_fp2_repr.R2.fq.gz, Gmi-CBat_094-GmC01094-L1-fp1-clmp-fp2-fqscrn-repr.R2.fq.gz
GmC01095_CKDL210018111-1a-AK7010-7UDI246_HH72GDSX2_L1_clmp_fp2_repr.R1.fq.gz, Gmi-CBat_095-GmC01095-L1-fp1-clmp-fp2-fqscrn-repr.R1.fq.gz
GmC01095_CKDL210018111-1a-AK7010-7UDI246_HH72GDSX2_L1_clmp_fp2_repr.R2.fq.gz, Gmi-CBat_095-GmC01095-L1-fp1-clmp-fp2-fqscrn-repr.R2.fq.gz
GmC01096_CKDL210018111-1a-5UDI312-7UDI246_HH72GDSX2_L1_clmp_fp2_repr.R1.fq.gz, Gmi-CBat_096-GmC01096-L1-fp1-clmp-fp2-fqscrn-repr.R1.fq.gz
GmC01096_CKDL210018111-1a-5UDI312-7UDI246_HH72GDSX2_L1_clmp_fp2_repr.R2.fq.gz, Gmi-CBat_096-GmC01096-L1-fp1-clmp-fp2-fqscrn-repr.R2.fq.gz
GmC02001_CKDL210018111-1a-5UDI298-7UDI243_HH72GDSX2_L1_clmp_fp2_repr.R1.fq.gz, Gmi-CBas_001-GmC02001-L1-fp1-clmp-fp2-fqscrn-repr.R1.fq.gz
GmC02001_CKDL210018111-1a-5UDI298-7UDI243_HH72GDSX2_L1_clmp_fp2_repr.R2.fq.gz, Gmi-CBas_001-GmC02001-L1-fp1-clmp-fp2-fqscrn-repr.R2.fq.gz
GmC02002_CKDL210018111-1a-AK9142-AK33_HH72GDSX2_L1_clmp_fp2_repr.R1.fq.gz, Gmi-CBas_002-GmC02002-L1-fp1-clmp-fp2-fqscrn-repr.R1.fq.gz
GmC02002_CKDL210018111-1a-AK9142-AK33_HH72GDSX2_L1_clmp_fp2_repr.R2.fq.gz, Gmi-CBas_002-GmC02002-L1-fp1-clmp-fp2-fqscrn-repr.R2.fq.gz
GmC02006_CKDL210018111-1a-AK6260-AK8544_HH72GDSX2_L1_clmp_fp2_repr.R1.fq.gz, Gmi-CBas_006-GmC02006-L1-fp1-clmp-fp2-fqscrn-repr.R1.fq.gz
GmC02006_CKDL210018111-1a-AK6260-AK8544_HH72GDSX2_L1_clmp_fp2_repr.R2.fq.gz, Gmi-CBas_006-GmC02006-L1-fp1-clmp-fp2-fqscrn-repr.R2.fq.gz
GmC02007_CKDL210018111-1a-AK7010-AK892_HH72GDSX2_L1_clmp_fp2_repr.R1.fq.gz, Gmi-CBas_007-GmC02007-L1-fp1-clmp-fp2-fqscrn-repr.R1.fq.gz
GmC02007_CKDL210018111-1a-AK7010-AK892_HH72GDSX2_L1_clmp_fp2_repr.R2.fq.gz, Gmi-CBas_007-GmC02007-L1-fp1-clmp-fp2-fqscrn-repr.R2.fq.gz
GmC02008_CKDL210018111-1a-AK7759-7UDI243_HH72GDSX2_L1_clmp_fp2_repr.R1.fq.gz, Gmi-CBas_008-GmC02008-L1-fp1-clmp-fp2-fqscrn-repr.R1.fq.gz
GmC02008_CKDL210018111-1a-AK7759-7UDI243_HH72GDSX2_L1_clmp_fp2_repr.R2.fq.gz, Gmi-CBas_008-GmC02008-L1-fp1-clmp-fp2-fqscrn-repr.R2.fq.gz
GmC02011_CKDL210018111-1a-AK9142-7UDI298_HH72GDSX2_L1_clmp_fp2_repr.R1.fq.gz, Gmi-CBas_011-GmC02011-L1-fp1-clmp-fp2-fqscrn-repr.R1.fq.gz
GmC02011_CKDL210018111-1a-AK9142-7UDI298_HH72GDSX2_L1_clmp_fp2_repr.R2.fq.gz, Gmi-CBas_011-GmC02011-L1-fp1-clmp-fp2-fqscrn-repr.R2.fq.gz
GmC02012_CKDL210018111-1a-AK6260-AK9148_HH72GDSX2_L1_clmp_fp2_repr.R1.fq.gz, Gmi-CBas_012-GmC02012-L1-fp1-clmp-fp2-fqscrn-repr.R1.fq.gz
GmC02012_CKDL210018111-1a-AK6260-AK9148_HH72GDSX2_L1_clmp_fp2_repr.R2.fq.gz, Gmi-CBas_012-GmC02012-L1-fp1-clmp-fp2-fqscrn-repr.R2.fq.gz
GmC02013_CKDL210018111-1a-AK6881-AK9148_HH72GDSX2_L1_clmp_fp2_repr.R1.fq.gz, Gmi-CBas_013-GmC02013-L1-fp1-clmp-fp2-fqscrn-repr.R1.fq.gz
GmC02013_CKDL210018111-1a-AK6881-AK9148_HH72GDSX2_L1_clmp_fp2_repr.R2.fq.gz, Gmi-CBas_013-GmC02013-L1-fp1-clmp-fp2-fqscrn-repr.R2.fq.gz
GmC02014_CKDL210018111-1a-AK9142-AK892_HH72GDSX2_L1_clmp_fp2_repr.R1.fq.gz, Gmi-CBas_014-GmC02014-L1-fp1-clmp-fp2-fqscrn-repr.R1.fq.gz
GmC02014_CKDL210018111-1a-AK9142-AK892_HH72GDSX2_L1_clmp_fp2_repr.R2.fq.gz, Gmi-CBas_014-GmC02014-L1-fp1-clmp-fp2-fqscrn-repr.R2.fq.gz
GmC02015_CKDL210018111-1a-5UDI312-AK33_HH72GDSX2_L1_clmp_fp2_repr.R1.fq.gz, Gmi-CBas_015-GmC02015-L1-fp1-clmp-fp2-fqscrn-repr.R1.fq.gz
GmC02015_CKDL210018111-1a-5UDI312-AK33_HH72GDSX2_L1_clmp_fp2_repr.R2.fq.gz, Gmi-CBas_015-GmC02015-L1-fp1-clmp-fp2-fqscrn-repr.R2.fq.gz
GmC02016_CKDL210018111-1a-AK9142-AK4997_HH72GDSX2_L1_clmp_fp2_repr.R1.fq.gz, Gmi-CBas_016-GmC02016-L1-fp1-clmp-fp2-fqscrn-repr.R1.fq.gz
GmC02016_CKDL210018111-1a-AK9142-AK4997_HH72GDSX2_L1_clmp_fp2_repr.R2.fq.gz, Gmi-CBas_016-GmC02016-L1-fp1-clmp-fp2-fqscrn-repr.R2.fq.gz
GmC02017_CKDL210018111-1a-AK9142-7UDI243_HH72GDSX2_L1_clmp_fp2_repr.R1.fq.gz, Gmi-CBas_017-GmC02017-L1-fp1-clmp-fp2-fqscrn-repr.R1.fq.gz
GmC02017_CKDL210018111-1a-AK9142-7UDI243_HH72GDSX2_L1_clmp_fp2_repr.R2.fq.gz, Gmi-CBas_017-GmC02017-L1-fp1-clmp-fp2-fqscrn-repr.R2.fq.gz
GmC02018_CKDL210018111-1a-AK9142-AK9148_HH72GDSX2_L1_clmp_fp2_repr.R1.fq.gz, Gmi-CBas_018-GmC02018-L1-fp1-clmp-fp2-fqscrn-repr.R1.fq.gz
GmC02018_CKDL210018111-1a-AK9142-AK9148_HH72GDSX2_L1_clmp_fp2_repr.R2.fq.gz, Gmi-CBas_018-GmC02018-L1-fp1-clmp-fp2-fqscrn-repr.R2.fq.gz
GmC02019_CKDL210018111-1a-AK7761-AK9148_HH72GDSX2_L1_clmp_fp2_repr.R1.fq.gz, Gmi-CBas_019-GmC02019-L1-fp1-clmp-fp2-fqscrn-repr.R1.fq.gz
GmC02019_CKDL210018111-1a-AK7761-AK9148_HH72GDSX2_L1_clmp_fp2_repr.R2.fq.gz, Gmi-CBas_019-GmC02019-L1-fp1-clmp-fp2-fqscrn-repr.R2.fq.gz
GmC02020_CKDL210018111-1a-AK6881-AK33_HH72GDSX2_L1_clmp_fp2_repr.R1.fq.gz, Gmi-CBas_020-GmC02020-L1-fp1-clmp-fp2-fqscrn-repr.R1.fq.gz
GmC02020_CKDL210018111-1a-AK6881-AK33_HH72GDSX2_L1_clmp_fp2_repr.R2.fq.gz, Gmi-CBas_020-GmC02020-L1-fp1-clmp-fp2-fqscrn-repr.R2.fq.gz
GmC02021_CKDL210018111-1a-AK6260-7UDI227_HH72GDSX2_L1_clmp_fp2_repr.R1.fq.gz, Gmi-CBas_021-GmC02021-L1-fp1-clmp-fp2-fqscrn-repr.R1.fq.gz
GmC02021_CKDL210018111-1a-AK6260-7UDI227_HH72GDSX2_L1_clmp_fp2_repr.R2.fq.gz, Gmi-CBas_021-GmC02021-L1-fp1-clmp-fp2-fqscrn-repr.R2.fq.gz
GmC02022_CKDL210018111-1a-AK3905-7UDI227_HH72GDSX2_L1_clmp_fp2_repr.R1.fq.gz, Gmi-CBas_022-GmC02022-L1-fp1-clmp-fp2-fqscrn-repr.R1.fq.gz
GmC02022_CKDL210018111-1a-AK3905-7UDI227_HH72GDSX2_L1_clmp_fp2_repr.R2.fq.gz, Gmi-CBas_022-GmC02022-L1-fp1-clmp-fp2-fqscrn-repr.R2.fq.gz
GmC02023_CKDL210018111-1a-AK6881-AK4997_HH72GDSX2_L1_clmp_fp2_repr.R1.fq.gz, Gmi-CBas_023-GmC02023-L1-fp1-clmp-fp2-fqscrn-repr.R1.fq.gz
GmC02023_CKDL210018111-1a-AK6881-AK4997_HH72GDSX2_L1_clmp_fp2_repr.R2.fq.gz, Gmi-CBas_023-GmC02023-L1-fp1-clmp-fp2-fqscrn-repr.R2.fq.gz
GmC02024_CKDL210018111-1a-AK6260-AK4997_HH72GDSX2_L1_clmp_fp2_repr.R1.fq.gz, Gmi-CBas_024-GmC02024-L1-fp1-clmp-fp2-fqscrn-repr.R1.fq.gz
GmC02024_CKDL210018111-1a-AK6260-AK4997_HH72GDSX2_L1_clmp_fp2_repr.R2.fq.gz, Gmi-CBas_024-GmC02024-L1-fp1-clmp-fp2-fqscrn-repr.R2.fq.gz
GmC02025_CKDL210018111-1a-AK7010-7UDI243_HH72GDSX2_L1_clmp_fp2_repr.R1.fq.gz, Gmi-CBas_025-GmC02025-L1-fp1-clmp-fp2-fqscrn-repr.R1.fq.gz
GmC02025_CKDL210018111-1a-AK7010-7UDI243_HH72GDSX2_L1_clmp_fp2_repr.R2.fq.gz, Gmi-CBas_025-GmC02025-L1-fp1-clmp-fp2-fqscrn-repr.R2.fq.gz
GmC02026_CKDL210018111-1a-AK9141-AK4997_HH72GDSX2_L1_clmp_fp2_repr.R1.fq.gz, Gmi-CBas_026-GmC02026-L1-fp1-clmp-fp2-fqscrn-repr.R1.fq.gz
GmC02026_CKDL210018111-1a-AK9141-AK4997_HH72GDSX2_L1_clmp_fp2_repr.R2.fq.gz, Gmi-CBas_026-GmC02026-L1-fp1-clmp-fp2-fqscrn-repr.R2.fq.gz
GmC02027_CKDL210018111-1a-AK7010-AK8544_HH72GDSX2_L1_clmp_fp2_repr.R1.fq.gz, Gmi-CBas_027-GmC02027-L1-fp1-clmp-fp2-fqscrn-repr.R1.fq.gz
GmC02027_CKDL210018111-1a-AK7010-AK8544_HH72GDSX2_L1_clmp_fp2_repr.R2.fq.gz, Gmi-CBas_027-GmC02027-L1-fp1-clmp-fp2-fqscrn-repr.R2.fq.gz
GmC02029_CKDL210018111-1a-5UDI298-AK892_HH72GDSX2_L1_clmp_fp2_repr.R1.fq.gz, Gmi-CBas_029-GmC02029-L1-fp1-clmp-fp2-fqscrn-repr.R1.fq.gz
GmC02029_CKDL210018111-1a-5UDI298-AK892_HH72GDSX2_L1_clmp_fp2_repr.R2.fq.gz, Gmi-CBas_029-GmC02029-L1-fp1-clmp-fp2-fqscrn-repr.R2.fq.gz
GmC02031_CKDL210018111-1a-AK9141-7UDI227_HH72GDSX2_L1_clmp_fp2_repr.R1.fq.gz, Gmi-CBas_031-GmC02031-L1-fp1-clmp-fp2-fqscrn-repr.R1.fq.gz
GmC02031_CKDL210018111-1a-AK9141-7UDI227_HH72GDSX2_L1_clmp_fp2_repr.R2.fq.gz, Gmi-CBas_031-GmC02031-L1-fp1-clmp-fp2-fqscrn-repr.R2.fq.gz
GmC02033_CKDL210018111-1a-AK6881-7UDI227_HH72GDSX2_L1_clmp_fp2_repr.R1.fq.gz, Gmi-CBas_033-GmC02033-L1-fp1-clmp-fp2-fqscrn-repr.R1.fq.gz
GmC02033_CKDL210018111-1a-AK6881-7UDI227_HH72GDSX2_L1_clmp_fp2_repr.R2.fq.gz, Gmi-CBas_033-GmC02033-L1-fp1-clmp-fp2-fqscrn-repr.R2.fq.gz
GmC02034_CKDL210018111-1a-AK8410-7UDI227_HH72GDSX2_L1_clmp_fp2_repr.R1.fq.gz, Gmi-CBas_034-GmC02034-L1-fp1-clmp-fp2-fqscrn-repr.R1.fq.gz
GmC02034_CKDL210018111-1a-AK8410-7UDI227_HH72GDSX2_L1_clmp_fp2_repr.R2.fq.gz, Gmi-CBas_034-GmC02034-L1-fp1-clmp-fp2-fqscrn-repr.R2.fq.gz
GmC02035_CKDL210018111-1a-AK6881-AK892_HH72GDSX2_L1_clmp_fp2_repr.R1.fq.gz, Gmi-CBas_035-GmC02035-L1-fp1-clmp-fp2-fqscrn-repr.R1.fq.gz
GmC02035_CKDL210018111-1a-AK6881-AK892_HH72GDSX2_L1_clmp_fp2_repr.R2.fq.gz, Gmi-CBas_035-GmC02035-L1-fp1-clmp-fp2-fqscrn-repr.R2.fq.gz
GmC02036_CKDL210018111-1a-AK9141-AK9148_HH72GDSX2_L1_clmp_fp2_repr.R1.fq.gz, Gmi-CBas_036-GmC02036-L1-fp1-clmp-fp2-fqscrn-repr.R1.fq.gz
GmC02036_CKDL210018111-1a-AK9141-AK9148_HH72GDSX2_L1_clmp_fp2_repr.R2.fq.gz, Gmi-CBas_036-GmC02036-L1-fp1-clmp-fp2-fqscrn-repr.R2.fq.gz
GmC02038_CKDL210018111-1a-AK7759-7UDI227_HH72GDSX2_L1_clmp_fp2_repr.R1.fq.gz, Gmi-CBas_038-GmC02038-L1-fp1-clmp-fp2-fqscrn-repr.R1.fq.gz
GmC02038_CKDL210018111-1a-AK7759-7UDI227_HH72GDSX2_L1_clmp_fp2_repr.R2.fq.gz, Gmi-CBas_038-GmC02038-L1-fp1-clmp-fp2-fqscrn-repr.R2.fq.gz
GmC02039_CKDL210018111-1a-5UDI312-7UDI243_HH72GDSX2_L1_clmp_fp2_repr.R1.fq.gz, Gmi-CBas_039-GmC02039-L1-fp1-clmp-fp2-fqscrn-repr.R1.fq.gz
GmC02039_CKDL210018111-1a-5UDI312-7UDI243_HH72GDSX2_L1_clmp_fp2_repr.R2.fq.gz, Gmi-CBas_039-GmC02039-L1-fp1-clmp-fp2-fqscrn-repr.R2.fq.gz
GmC02041_CKDL210018111-1a-AK6881-7UDI243_HH72GDSX2_L1_clmp_fp2_repr.R1.fq.gz, Gmi-CBas_041-GmC02041-L1-fp1-clmp-fp2-fqscrn-repr.R1.fq.gz
GmC02041_CKDL210018111-1a-AK6881-7UDI243_HH72GDSX2_L1_clmp_fp2_repr.R2.fq.gz, Gmi-CBas_041-GmC02041-L1-fp1-clmp-fp2-fqscrn-repr.R2.fq.gz
GmC02043_CKDL210018111-1a-5UDI298-AK4997_HH72GDSX2_L1_clmp_fp2_repr.R1.fq.gz, Gmi-CBas_043-GmC02043-L1-fp1-clmp-fp2-fqscrn-repr.R1.fq.gz
GmC02043_CKDL210018111-1a-5UDI298-AK4997_HH72GDSX2_L1_clmp_fp2_repr.R2.fq.gz, Gmi-CBas_043-GmC02043-L1-fp1-clmp-fp2-fqscrn-repr.R2.fq.gz
GmC02044_CKDL210018111-1a-AK3905-7UDI243_HH72GDSX2_L1_clmp_fp2_repr.R1.fq.gz, Gmi-CBas_044-GmC02044-L1-fp1-clmp-fp2-fqscrn-repr.R1.fq.gz
GmC02044_CKDL210018111-1a-AK3905-7UDI243_HH72GDSX2_L1_clmp_fp2_repr.R2.fq.gz, Gmi-CBas_044-GmC02044-L1-fp1-clmp-fp2-fqscrn-repr.R2.fq.gz
GmC02048_CKDL210018111-1a-AK7759-AK9148_HH72GDSX2_L1_clmp_fp2_repr.R1.fq.gz, Gmi-CBas_048-GmC02048-L1-fp1-clmp-fp2-fqscrn-repr.R1.fq.gz
GmC02048_CKDL210018111-1a-AK7759-AK9148_HH72GDSX2_L1_clmp_fp2_repr.R2.fq.gz, Gmi-CBas_048-GmC02048-L1-fp1-clmp-fp2-fqscrn-repr.R2.fq.gz
GmC02049_CKDL210018111-1a-AK8410-AK892_HH72GDSX2_L1_clmp_fp2_repr.R1.fq.gz, Gmi-CBas_049-GmC02049-L1-fp1-clmp-fp2-fqscrn-repr.R1.fq.gz
GmC02049_CKDL210018111-1a-AK8410-AK892_HH72GDSX2_L1_clmp_fp2_repr.R2.fq.gz, Gmi-CBas_049-GmC02049-L1-fp1-clmp-fp2-fqscrn-repr.R2.fq.gz
GmC02050_CKDL210018111-1a-AK3905-AK9148_HH72GDSX2_L1_clmp_fp2_repr.R1.fq.gz, Gmi-CBas_050-GmC02050-L1-fp1-clmp-fp2-fqscrn-repr.R1.fq.gz
GmC02050_CKDL210018111-1a-AK3905-AK9148_HH72GDSX2_L1_clmp_fp2_repr.R2.fq.gz, Gmi-CBas_050-GmC02050-L1-fp1-clmp-fp2-fqscrn-repr.R2.fq.gz
GmC02052_CKDL210018111-1a-AK6881-7UDI298_HH72GDSX2_L1_clmp_fp2_repr.R1.fq.gz, Gmi-CBas_052-GmC02052-L1-fp1-clmp-fp2-fqscrn-repr.R1.fq.gz
GmC02052_CKDL210018111-1a-AK6881-7UDI298_HH72GDSX2_L1_clmp_fp2_repr.R2.fq.gz, Gmi-CBas_052-GmC02052-L1-fp1-clmp-fp2-fqscrn-repr.R2.fq.gz
GmC02054_CKDL210018111-1a-AK3905-AK8544_HH72GDSX2_L1_clmp_fp2_repr.R1.fq.gz, Gmi-CBas_054-GmC02054-L1-fp1-clmp-fp2-fqscrn-repr.R1.fq.gz
GmC02054_CKDL210018111-1a-AK3905-AK8544_HH72GDSX2_L1_clmp_fp2_repr.R2.fq.gz, Gmi-CBas_054-GmC02054-L1-fp1-clmp-fp2-fqscrn-repr.R2.fq.gz
GmC02056_CKDL210018111-1a-AK8410-AK4997_HH72GDSX2_L1_clmp_fp2_repr.R1.fq.gz, Gmi-CBas_056-GmC02056-L1-fp1-clmp-fp2-fqscrn-repr.R1.fq.gz
GmC02056_CKDL210018111-1a-AK8410-AK4997_HH72GDSX2_L1_clmp_fp2_repr.R2.fq.gz, Gmi-CBas_056-GmC02056-L1-fp1-clmp-fp2-fqscrn-repr.R2.fq.gz
GmC02057_CKDL210018111-1a-AK7010-7UDI227_HH72GDSX2_L1_clmp_fp2_repr.R1.fq.gz, Gmi-CBas_057-GmC02057-L1-fp1-clmp-fp2-fqscrn-repr.R1.fq.gz
GmC02057_CKDL210018111-1a-AK7010-7UDI227_HH72GDSX2_L1_clmp_fp2_repr.R2.fq.gz, Gmi-CBas_057-GmC02057-L1-fp1-clmp-fp2-fqscrn-repr.R2.fq.gz
GmC02059_CKDL210018111-1a-AK8410-AK8544_HH72GDSX2_L1_clmp_fp2_repr.R1.fq.gz, Gmi-CBas_059-GmC02059-L1-fp1-clmp-fp2-fqscrn-repr.R1.fq.gz
GmC02059_CKDL210018111-1a-AK8410-AK8544_HH72GDSX2_L1_clmp_fp2_repr.R2.fq.gz, Gmi-CBas_059-GmC02059-L1-fp1-clmp-fp2-fqscrn-repr.R2.fq.gz
GmC02063_CKDL210018111-1a-AK6881-AK8544_HH72GDSX2_L1_clmp_fp2_repr.R1.fq.gz, Gmi-CBas_063-GmC02063-L1-fp1-clmp-fp2-fqscrn-repr.R1.fq.gz
GmC02063_CKDL210018111-1a-AK6881-AK8544_HH72GDSX2_L1_clmp_fp2_repr.R2.fq.gz, Gmi-CBas_063-GmC02063-L1-fp1-clmp-fp2-fqscrn-repr.R2.fq.gz
GmC02064_CKDL210018111-1a-AK6260-7UDI298_HH72GDSX2_L1_clmp_fp2_repr.R1.fq.gz, Gmi-CBas_064-GmC02064-L1-fp1-clmp-fp2-fqscrn-repr.R1.fq.gz
GmC02064_CKDL210018111-1a-AK6260-7UDI298_HH72GDSX2_L1_clmp_fp2_repr.R2.fq.gz, Gmi-CBas_064-GmC02064-L1-fp1-clmp-fp2-fqscrn-repr.R2.fq.gz
GmC02066_CKDL210018111-1a-AK3905-AK4997_HH72GDSX2_L1_clmp_fp2_repr.R1.fq.gz, Gmi-CBas_066-GmC02066-L1-fp1-clmp-fp2-fqscrn-repr.R1.fq.gz
GmC02066_CKDL210018111-1a-AK3905-AK4997_HH72GDSX2_L1_clmp_fp2_repr.R2.fq.gz, Gmi-CBas_066-GmC02066-L1-fp1-clmp-fp2-fqscrn-repr.R2.fq.gz
GmC02068_CKDL210018111-1a-AK7759-AK8544_HH72GDSX2_L1_clmp_fp2_repr.R1.fq.gz, Gmi-CBas_068-GmC02068-L1-fp1-clmp-fp2-fqscrn-repr.R1.fq.gz
GmC02068_CKDL210018111-1a-AK7759-AK8544_HH72GDSX2_L1_clmp_fp2_repr.R2.fq.gz, Gmi-CBas_068-GmC02068-L1-fp1-clmp-fp2-fqscrn-repr.R2.fq.gz
GmC02069_CKDL210018111-1a-AK8410-7UDI298_HH72GDSX2_L1_clmp_fp2_repr.R1.fq.gz, Gmi-CBas_069-GmC02069-L1-fp1-clmp-fp2-fqscrn-repr.R1.fq.gz
GmC02069_CKDL210018111-1a-AK8410-7UDI298_HH72GDSX2_L1_clmp_fp2_repr.R2.fq.gz, Gmi-CBas_069-GmC02069-L1-fp1-clmp-fp2-fqscrn-repr.R2.fq.gz
GmC02072_CKDL210018111-1a-AK8410-AK9148_HH72GDSX2_L1_clmp_fp2_repr.R1.fq.gz, Gmi-CBas_072-GmC02072-L1-fp1-clmp-fp2-fqscrn-repr.R1.fq.gz
GmC02072_CKDL210018111-1a-AK8410-AK9148_HH72GDSX2_L1_clmp_fp2_repr.R2.fq.gz, Gmi-CBas_072-GmC02072-L1-fp1-clmp-fp2-fqscrn-repr.R2.fq.gz
GmC02075_CKDL210018111-1a-AK9142-7UDI227_HH72GDSX2_L1_clmp_fp2_repr.R1.fq.gz, Gmi-CBas_075-GmC02075-L1-fp1-clmp-fp2-fqscrn-repr.R1.fq.gz
GmC02075_CKDL210018111-1a-AK9142-7UDI227_HH72GDSX2_L1_clmp_fp2_repr.R2.fq.gz, Gmi-CBas_075-GmC02075-L1-fp1-clmp-fp2-fqscrn-repr.R2.fq.gz
GmC02077_CKDL210018111-1a-AK7761-7UDI298_HH72GDSX2_L1_clmp_fp2_repr.R1.fq.gz, Gmi-CBas_077-GmC02077-L1-fp1-clmp-fp2-fqscrn-repr.R1.fq.gz
GmC02077_CKDL210018111-1a-AK7761-7UDI298_HH72GDSX2_L1_clmp_fp2_repr.R2.fq.gz, Gmi-CBas_077-GmC02077-L1-fp1-clmp-fp2-fqscrn-repr.R2.fq.gz
GmC02080_CKDL210018111-1a-AK9141-AK8544_HH72GDSX2_L1_clmp_fp2_repr.R1.fq.gz, Gmi-CBas_080-GmC02080-L1-fp1-clmp-fp2-fqscrn-repr.R1.fq.gz
GmC02080_CKDL210018111-1a-AK9141-AK8544_HH72GDSX2_L1_clmp_fp2_repr.R2.fq.gz, Gmi-CBas_080-GmC02080-L1-fp1-clmp-fp2-fqscrn-repr.R2.fq.gz
GmC02082_CKDL210018111-1a-AK3905-AK892_HH72GDSX2_L1_clmp_fp2_repr.R1.fq.gz, Gmi-CBas_082-GmC02082-L1-fp1-clmp-fp2-fqscrn-repr.R1.fq.gz
GmC02082_CKDL210018111-1a-AK3905-AK892_HH72GDSX2_L1_clmp_fp2_repr.R2.fq.gz, Gmi-CBas_082-GmC02082-L1-fp1-clmp-fp2-fqscrn-repr.R2.fq.gz
GmC02083_CKDL210018111-1a-AK3905-AK33_HH72GDSX2_L1_clmp_fp2_repr.R1.fq.gz, Gmi-CBas_083-GmC02083-L1-fp1-clmp-fp2-fqscrn-repr.R1.fq.gz
GmC02083_CKDL210018111-1a-AK3905-AK33_HH72GDSX2_L1_clmp_fp2_repr.R2.fq.gz, Gmi-CBas_083-GmC02083-L1-fp1-clmp-fp2-fqscrn-repr.R2.fq.gz
GmC02086_CKDL210018111-1a-AK7759-AK33_HH72GDSX2_L1_clmp_fp2_repr.R1.fq.gz, Gmi-CBas_086-GmC02086-L1-fp1-clmp-fp2-fqscrn-repr.R1.fq.gz
GmC02086_CKDL210018111-1a-AK7759-AK33_HH72GDSX2_L1_clmp_fp2_repr.R2.fq.gz, Gmi-CBas_086-GmC02086-L1-fp1-clmp-fp2-fqscrn-repr.R2.fq.gz
GmC02087_CKDL210018111-1a-AK8410-AK33_HH72GDSX2_L1_clmp_fp2_repr.R1.fq.gz, Gmi-CBas_087-GmC02087-L1-fp1-clmp-fp2-fqscrn-repr.R1.fq.gz
GmC02087_CKDL210018111-1a-AK8410-AK33_HH72GDSX2_L1_clmp_fp2_repr.R2.fq.gz, Gmi-CBas_087-GmC02087-L1-fp1-clmp-fp2-fqscrn-repr.R2.fq.gz
GmC02092_CKDL210018111-1a-AK9141-AK892_HH72GDSX2_L1_clmp_fp2_repr.R1.fq.gz, Gmi-CBas_092-GmC02092-L1-fp1-clmp-fp2-fqscrn-repr.R1.fq.gz
GmC02092_CKDL210018111-1a-AK9141-AK892_HH72GDSX2_L1_clmp_fp2_repr.R2.fq.gz, Gmi-CBas_092-GmC02092-L1-fp1-clmp-fp2-fqscrn-repr.R2.fq.gz
GmC02095_CKDL210018111-1a-AK7761-7UDI227_HH72GDSX2_L1_clmp_fp2_repr.R1.fq.gz, Gmi-CBas_095-GmC02095-L1-fp1-clmp-fp2-fqscrn-repr.R1.fq.gz
GmC02095_CKDL210018111-1a-AK7761-7UDI227_HH72GDSX2_L1_clmp_fp2_repr.R2.fq.gz, Gmi-CBas_095-GmC02095-L1-fp1-clmp-fp2-fqscrn-repr.R2.fq.gz
